product_sku,variant_sku,size_sig,is_default,net_weight,price_usd,stock_qty,amazon_skus,shopify_skus,tiktok_skus,temu_skus
TT-Almonds-RoastedSalted,TT-almonds-bite-crunchy-energy,,TRUE,,,,,,,
TT-BananaChips-Original,BananaChips-Original,,TRUE,,,,,,,
TT-Bananarama-Banana,Bananarama-Candy-8oz-1-PK,8oz,TRUE,8 oz,,,,,Bananarama-Candy-8oz-1-PK,
TT-Bananarama-Banana,Bananarama-Candy-8oz-2-pk,8oz,FALSE,8 oz,,,,,Bananarama-Candy-8oz-2-pk,
TT-Bananarama-Banana,Bananarama-Candy-8oz-4-pk,8oz,FALSE,8 oz,,,,,Bananarama-Candy-8oz-4-pk,
TT-Bananarama-Banana,TT-banana-bananarama-crunchy-hard,,FALSE,,,,,,,
TT-BrownieBrittle-Chocolate,BrownieBrittle-4oz-1pk,1pk|4oz,TRUE,4 oz,,,,,,BrownieBrittle-4oz-1pk
TT-BrownieBrittle-Chocolate,BrownieBrittle-8oz-1pk,1pk|8oz,FALSE,8 oz,,,,,,BrownieBrittle-8oz-1pk
TT-BrownieBrittle-Chocolate,BrownieBrittle-Chocolate,,FALSE,,,,,,,
TT-BrownieBrittle-MM,M&MBrittle-16oz-1pk,16oz|1pk,TRUE,16 oz,,,,,M&MBrittle-16oz-1pk,
TT-BrownieBrittle-MM,M&MBrittle-1lb,1lb,FALSE,1 lb,,,,,M&MBrittle-1lb,
TT-BrownieBrittle-MM,M&MBrittle-1lb..,1lb,FALSE,1 lb,,,,,M&MBrittle-1lb..,
TT-BrownieBrittle-MM,M&MBrittle-4oz,4oz,FALSE,4 oz,,,,,M&MBrittle-4oz,
TT-BrownieBrittle-MM,M&MBrittle-4oz..,4oz,FALSE,4 oz,,,,,M&MBrittle-4oz..,
TT-BrownieBrittle-MM,M&MBrittle-8oz,8oz,FALSE,8 oz,,,,,M&MBrittle-8oz,
TT-BrownieBrittle-MM,M&MBrittle-8oz-1pk,1pk|8oz,FALSE,8 oz,,,,,M&MBrittle-8oz-1pk,
TT-BrownieBrittle-MM,M&MBrittle-8oz..,8oz,FALSE,8 oz,,,,,M&MBrittle-8oz..,
TT-BrownieBrittle-MM,BrownieBrittle-MM,,FALSE,,,,,,,
TT-BrownieBrittle-Original,BrownieBrittle-1lb...,1lb,TRUE,1 lb,,,BrownieBrittle-1lb...,,BrownieBrittle-1lb...,
TT-BrownieBrittle-Original,BrownieBrittle-16oz-1pk,16oz|1pk,FALSE,16 oz,,,,,BrownieBrittle-16oz-1pk,
TT-BrownieBrittle-Original,BrownieBrittle-1lb,1lb,FALSE,1 lb,,,,,BrownieBrittle-1lb,
TT-BrownieBrittle-Original,BrownieBrittle-4oz,4oz,FALSE,4 oz,,,,,BrownieBrittle-4oz,
TT-BrownieBrittle-Original,BrownieBrittle-8oz,8oz,FALSE,8 oz,,,,,BrownieBrittle-8oz,
TT-BrownieBrittle-Original,BrownieBrittle-8oz-1pk,1pk|8oz,FALSE,8 oz,,,,,BrownieBrittle-8oz-1pk,
TT-BrownieBrittle-Original,BrownieBrittle-16oz-1pk-rev1,16oz|1pk,FALSE,16 oz,,,,,,BrownieBrittle-16oz-1pk-rev1
TT-BrownieBrittle-Original,BrownieBrittle-4oz-1pk-rev1,1pk|4oz,FALSE,4 oz,,,,,,BrownieBrittle-4oz-1pk-rev1
TT-Bundles-BlueRaspberry,BlueRasp-GummyTrio-8oz-3pk,3pk|8oz,TRUE,8 oz,,,,,BlueRasp-GummyTrio-8oz-3pk,BlueRasp-GummyTrio-8oz-3pk
TT-Bundles-BlueRaspberry,Bundle-BlueGummyTrio,,FALSE,,,,,,,
TT-Bundles-ChamoyPickleKit,ChamoyPickleKit-12ct,12ct,TRUE,,,,,,ChamoyPickleKit-12ct,ChamoyPickleKit-12ct
TT-Bundles-ChamoyPickleKit,TT-chamoy-gusano-kit-lucas,,FALSE,,,,,,,
TT-Bundles-RootBeerButterscotch,Bundle-RootBeerButterscotchRetro,,TRUE,,,,,,,
TT-ButterToffee-Original,TT-butter-creamy-hard-toffee,,TRUE,,,,,,,
TT-ButterToffeeNuts-Almond,ButterToffee-Almonds,,TRUE,,,,,,,
TT-ButterToffeeNuts-Cashew,ButterToff-Cashew-8oz-1pk,1pk|8oz,TRUE,8 oz,,,,,ButterToff-Cashew-8oz-1pk,
TT-ButterToffeeNuts-Cashew,ButterToffee-Cashews,,FALSE,,,,,,,
TT-ButterToffeeNuts-Pecan,ButterToffee-Pecans,,TRUE,,,,,,,
TT-ButterscotchButtons-Original,ButterscotchButtons,,TRUE,,,,,,,
TT-CandyBarrels-RootBeer,CandyBarrels-RootBeer,,TRUE,,,,,,,
TT-CandyCorn-BlackberryCobbler,CandyCorn-Blackberry-8oz-1pk,1pk|8oz,TRUE,8 oz,,,,,,CandyCorn-Blackberry-8oz-1pk
TT-CandyCorn-BlackberryCobbler,CandyCorn-Blackberry-8oz-2pk,2pk|8oz,FALSE,8 oz,,,,,,CandyCorn-Blackberry-8oz-2pk
TT-CandyCorn-BlackberryCobbler,CandyCorn-BlackberryCobbler,,FALSE,,,,,,,
TT-CandyCorn-Caramel,CandyCorn-Caramel-8oz-2pk,2pk|8oz,TRUE,8 oz,,,,,,CandyCorn-Caramel-8oz-2pk
TT-CandyCorn-Caramel,CandyCorn-Caramel,,FALSE,,,,,,,
TT-CandyCorn-CaramelApple,CandyCorn-CaramelApple-8oz-1pk,1pk|8oz,TRUE,8 oz,,,,,,CandyCorn-CaramelApple-8oz-1pk
TT-CandyCorn-CaramelApple,CandyCorn-CaramelApple-8oz-2pk,2pk|8oz,FALSE,8 oz,,,,,,CandyCorn-CaramelApple-8oz-2pk
TT-CandyCorn-CaramelApple,CandyCorn-CaramelApple,,FALSE,,,,,,,
TT-CandyCorn-Christmas,CandyCorn-Christmas,,TRUE,,,,,,,
TT-CandyCorn-Easter,CandyCorn-Easter-8oz,8oz,TRUE,8 oz,,,,,CandyCorn-Easter-8oz,
TT-CandyCorn-Easter,CandyCorn-Easter,,FALSE,,,,,,,
TT-CandyCorn-Original,CandyCorn-Original-4oz,4oz,TRUE,4 oz,,,,,CandyCorn-Original-4oz,
TT-CandyCorn-Original,CandyCorn-Original-8oz,8oz,FALSE,8 oz,,,,,CandyCorn-Original-8oz,
TT-CandyCorn-Original,CandyCorn-Original-8oz-2pk,2pk|8oz,FALSE,8 oz,,,,,,CandyCorn-Original-8oz-2pk
TT-CandyCorn-Original,CandyCorn-Original,,FALSE,,,,,,,
TT-CandyCorn-Smores,CandyCorn-Smores-8oz-2Pk,2pk|8oz,TRUE,8 oz,,,,,CandyCorn-Smores-8oz-2Pk,
TT-CandyCorn-Smores,CandyCorn-Smores-8oz-1pk,1pk|8oz,FALSE,8 oz,,,,,,CandyCorn-Smores-8oz-1pk
TT-CandyCorn-Smores,CandyCorn-Smores,,FALSE,,,,,,,
TT-CandyCorn-Valentine,Valen-Corn-8oz-1PK,1pk|8oz,TRUE,8 oz,,,Valen-Corn-8oz-1PK,,Valen-Corn-8oz-1PK,Valen-Corn-8oz-1PK
TT-CandyCorn-Valentine,Valen-Corn-8oz-1PK.,1pk|8oz,FALSE,8 oz,,,Valen-Corn-8oz-1PK.,,,
TT-CandyCorn-Valentine,CandyCorn-Valentine-8oz,8oz,FALSE,8 oz,,,,,CandyCorn-Valentine-8oz,
TT-CandyCorn-Valentine,Valen-Corn-8oz-2PK,2pk|8oz,FALSE,8 oz,,,,,Valen-Corn-8oz-2PK,
TT-CandyCorn-Valentine,Valen-Corn-8oz-4PK,4pk|8oz,FALSE,8 oz,,,,,Valen-Corn-8oz-4PK,
TT-CandyCorn-Valentine,CandyCorn-Valentine,,FALSE,,,,,,,
TT-CandyCorn-Valentine,TT-corn-day-gifts-pink,,FALSE,,,,,,,
TT-CaramelChews-Apple,CaramelAppleChews-1lb.,1lb,TRUE,1 lb,,,CaramelAppleChews-1lb.,,,
TT-CaramelChews-Apple,CaramelAppleChews-3lbJar,3lb,FALSE,3 lb,,,CaramelAppleChews-3lbJar,,,
TT-CaramelChews-Apple,CaramelAppleChews-8oz,8oz,FALSE,8 oz,,,CaramelAppleChews-8oz,,CaramelAppleChews-8oz,
TT-CaramelChews-Apple,CaramelAppleChews-1lb,1lb,FALSE,1 lb,,,,,CaramelAppleChews-1lb,
TT-CaramelChews-Apple,CaramelAppleChews-1lb-2Pk,1lb|2pk,FALSE,1 lb,,,,,CaramelAppleChews-1lb-2Pk,
TT-CaramelChews-Apple,CaramelChews-DUO-8oz-2pk,2pk|8oz,FALSE,8 oz,,,,,,CaramelChews-DUO-8oz-2pk
TT-CaramelChews-Apple,CaramelChews-Apple,,FALSE,,,,,,,
TT-CaramelChews-Assorted,AssortedCaramelChews-1lb.,1lb,TRUE,1 lb,,,AssortedCaramelChews-1lb.,,,
TT-CaramelChews-Assorted,AssortedCaramelChews-3lbJar,3lb,FALSE,3 lb,,,AssortedCaramelChews-3lbJar,,,
TT-CaramelChews-Assorted,AssortedCaramelChews-8oz,8oz,FALSE,8 oz,,,AssortedCaramelChews-8oz,,AssortedCaramelChews-8oz,
TT-CaramelChews-Assorted,AssortedCaramelChews-1lb,1lb,FALSE,1 lb,,,,,AssortedCaramelChews-1lb,
TT-CaramelChews-Assorted,CaramelChews-Variety-8oz-4pk,4pk|8oz,FALSE,8 oz,,,,,CaramelChews-Variety-8oz-4pk,CaramelChews-Variety-8oz-4pk
TT-CaramelChews-Assorted,AssortedCaramelChews-1lb-2Pk,1lb|2pk,FALSE,1 lb,,,,,AssortedCaramelChews-1lb-2Pk,
TT-CaramelChews-Assorted,Bundle-CaramelChewsVariety,,FALSE,,,,,,,
TT-CaramelChews-Assorted,CaramelChews-Assorted,,FALSE,,,,,,,
TT-CaramelChews-Chocolate,PatroticChocolate-8oz-1pk,1pk|8oz,TRUE,8 oz,,,,,,PatroticChocolate-8oz-1pk
TT-CaramelChews-Chocolate,CaramelChews-Chocolate,,FALSE,,,,,,,
TT-CaramelChews-Coconut,CaramelCoconut-8oz-2Pk,2pk|8oz,TRUE,8 oz,,,,,,CaramelCoconut-8oz-2Pk
TT-CaramelChews-Coconut,CaramelCoconutChews-8oz-1pk,1pk|8oz,FALSE,8 oz,,,,,,CaramelCoconutChews-8oz-1pk
TT-CaramelChews-Coconut,CaramelCoconutChews-8oz-1pk-rev1,1pk|8oz,FALSE,8 oz,,,,,,CaramelCoconutChews-8oz-1pk-rev1
TT-CaramelChews-Coconut,CaramelCoconutChews-8oz-1pk-rev2,1pk|8oz,FALSE,8 oz,,,,,,CaramelCoconutChews-8oz-1pk-rev2
TT-CaramelChews-Coconut,CaramelCoconutChews-8oz-2pk-rev2,2pk|8oz,FALSE,8 oz,,,,,,CaramelCoconutChews-8oz-2pk-rev2
TT-CaramelChews-Coconut,CoconutCaramelChews-8oz-1pk,1pk|8oz,FALSE,8 oz,,,,,,CoconutCaramelChews-8oz-1pk
TT-CaramelChews-Coconut,CaramelCoconutChews-8oz-2pk,2pk|8oz,FALSE,8 oz,,,,,,CaramelCoconutChews-8oz-2pk
TT-CaramelChews-Coconut,CaramelChews-Coconut,,FALSE,,,,,,,
TT-CaramelChews-Coconut,TT-buttery-caramel-chews-coconut,,FALSE,,,,,,,
TT-CaramelChews-Original,CaramelChews-1lb.,1lb,TRUE,1 lb,,,CaramelChews-1lb.,,,
TT-CaramelChews-Original,CaramelChews-3lbJar,3lb,FALSE,3 lb,,,CaramelChews-3lbJar,,,
TT-CaramelChews-Original,CaramelChews-8oz,8oz,FALSE,8 oz,,,CaramelChews-8oz,,CaramelChews-8oz,
TT-CaramelChews-Original,Caramel-Orginal-8oz-2pk-rev,2pk|8oz,FALSE,8 oz,,,,,,Caramel-Orginal-8oz-2pk-rev
TT-CaramelChews-Original,CaramelOriginal-8oz-2Pk,2pk|8oz,FALSE,8 oz,,,,,,CaramelOriginal-8oz-2Pk
TT-CaramelChews-Original,CaramelChews-Original,,FALSE,,,,,,,
TT-CaramelChews-PatrioticChocolate,TT-caramel-chocolate-patriotic,,TRUE,,,,,,,
TT-CaramelChews-SeaSalt,SeaSaltCaramelChews-1lb.,1lb,TRUE,1 lb,,,SeaSaltCaramelChews-1lb.,,,
TT-CaramelChews-SeaSalt,SeaSaltCaramelChews-3lbJar,3lb,FALSE,3 lb,,,SeaSaltCaramelChews-3lbJar,,,
TT-CaramelChews-SeaSalt,SeaSaltCaramelChews-1lb-2Pk,1lb|2pk,FALSE,1 lb,,,,,SeaSaltCaramelChews-1lb-2Pk,
TT-CaramelChews-SeaSalt,SeaSaltCaramelChews-8oz,8oz,FALSE,8 oz,,,,,SeaSaltCaramelChews-8oz,
TT-CaramelChews-SeaSalt,SeaSaltCaramelChews-1lb,1lb,FALSE,1 lb,,,,,SeaSaltCaramelChews-1lb,
TT-CaramelChews-SeaSalt,SeaSalt-Caramel-8oz-1pk,1pk|8oz,FALSE,8 oz,,,,,,SeaSalt-Caramel-8oz-1pk
TT-CaramelChews-SeaSalt,SeaSalt-Caramel-8oz-2pk,2pk|8oz,FALSE,8 oz,,,,,,SeaSalt-Caramel-8oz-2pk
TT-CaramelChews-SeaSalt,CaramelChews-SeaSalt,,FALSE,,,,,,,
TT-CaramelChews-Vanilla,CaramelChews-1lb-2Pk,1lb|2pk,TRUE,1 lb,,,,,CaramelChews-1lb-2Pk,
TT-CaramelChews-Vanilla,AssortedCaramelChews-1lb,1lb,FALSE,1 lb,,,,,,AssortedCaramelChews-1lb
TT-CaramelChews-Vanilla,AssortedCaramelChews-8oz-1pk,1pk|8oz,FALSE,8 oz,,,,,,AssortedCaramelChews-8oz-1pk
TT-CaramelChews-Vanilla,AssortedCaramelChews-8oz-2pk,2pk|8oz,FALSE,8 oz,,,,,,AssortedCaramelChews-8oz-2pk
TT-CaramelChews-Vanilla,Caramel-Apple-8oz-1pk,1pk|8oz,FALSE,8 oz,,,,,,Caramel-Apple-8oz-1pk
TT-CaramelChews-Vanilla,Caramel-Apple-8oz-2pk,2pk|8oz,FALSE,8 oz,,,,,,Caramel-Apple-8oz-2pk
TT-CaramelChews-Vanilla,Caramel-Assorted-8oz-1pk,1pk|8oz,FALSE,8 oz,,,,,,Caramel-Assorted-8oz-1pk
TT-CaramelChews-Vanilla,Caramel-Assorted-8oz-2pk,2pk|8oz,FALSE,8 oz,,,,,,Caramel-Assorted-8oz-2pk
TT-CaramelChews-Vanilla,Caramel-Orginal-8oz-1pk,1pk|8oz,FALSE,8 oz,,,,,,Caramel-Orginal-8oz-1pk
TT-CaramelChews-Vanilla,Caramel-Orginal-8oz-2pk,2pk|8oz,FALSE,8 oz,,,,,,Caramel-Orginal-8oz-2pk
TT-CaramelChews-Vanilla,CaramelApple-8oz-1Pk,1pk|8oz,FALSE,8 oz,,,,,,CaramelApple-8oz-1Pk
TT-CaramelChews-Vanilla,CaramelApple-8oz-2Pk,2pk|8oz,FALSE,8 oz,,,,,,CaramelApple-8oz-2Pk
TT-CaramelChews-Vanilla,CaramelAppleChews-8oz-1pk,1pk|8oz,FALSE,8 oz,,,,,,CaramelAppleChews-8oz-1pk
TT-CaramelChews-Vanilla,CaramelAppleChews-8oz-2pk,2pk|8oz,FALSE,8 oz,,,,,,CaramelAppleChews-8oz-2pk
TT-CaramelChews-Vanilla,CaramelAssorted-8oz-1Pk,1pk|8oz,FALSE,8 oz,,,,,,CaramelAssorted-8oz-1Pk
TT-CaramelChews-Vanilla,CaramelAssorted-8oz-2Pk,2pk|8oz,FALSE,8 oz,,,,,,CaramelAssorted-8oz-2Pk
TT-CaramelChews-Vanilla,CaramelChews-1lb,1lb,FALSE,1 lb,,,,,,CaramelChews-1lb
TT-CaramelChews-Vanilla,CaramelChews-8oz-1pk,1pk|8oz,FALSE,8 oz,,,,,,CaramelChews-8oz-1pk
TT-CaramelChews-Vanilla,CaramelCoconutChews-1lb,1lb,FALSE,1 lb,,,,,,CaramelCoconutChews-1lb
TT-CaramelChews-Vanilla,CaramelCoconutChews-8oz-1pk,1pk|8oz,FALSE,8 oz,,,,,,CaramelCoconutChews-8oz-1pk
TT-CaramelChews-Vanilla,CaramelOriginal-8oz-1pk,1pk|8oz,FALSE,8 oz,,,,,,CaramelOriginal-8oz-1pk
TT-CaramelChews-Vanilla,CaramelOriginal-8oz-2pk,2pk|8oz,FALSE,8 oz,,,,,,CaramelOriginal-8oz-2pk
TT-CaramelChews-Vanilla,SeaSaltCaramelChews-1lb,1lb,FALSE,1 lb,,,,,,SeaSaltCaramelChews-1lb
TT-CaramelChews-Vanilla,SeaSaltCaramelChews-8oz-1pk,1pk|8oz,FALSE,8 oz,,,,,,SeaSaltCaramelChews-8oz-1pk
TT-CaramelChews-Vanilla,SeaSaltCaramelChews-8oz-2pk,2pk|8oz,FALSE,8 oz,,,,,,SeaSaltCaramelChews-8oz-2pk
TT-CaramelChews-Vanilla,TT-buttery-caramel-chews-vanilla,,FALSE,,,,,,,
TT-Cashews-HoneyRoasted,HonRoasted-Cashews-8oz-1pk,1pk|8oz,TRUE,8 oz,,,,,HonRoasted-Cashews-8oz-1pk,HonRoasted-Cashews-8oz-1pk
TT-Cashews-HoneyRoasted,HonRoasted-Cashews-8oz-2pk,2pk|8oz,FALSE,8 oz,,,,,HonRoasted-Cashews-8oz-2pk,
TT-Cashews-HoneyRoasted,TT-blend-cashew-cashews-crunchy,,FALSE,,,,,,,
TT-ChamoyCandy-Tajin,Chamoy-Skittles-8oz-1pk,1pk|8oz,TRUE,8 oz,,,,,Chamoy-Skittles-8oz-1pk,Chamoy-Skittles-8oz-1pk
TT-ChamoyCandy-Tajin,ChamoyGusher-8oz-1PK,1pk|8oz,FALSE,8 oz,,,,,ChamoyGusher-8oz-1PK,
TT-ChamoyCandy-Tajin,ChamoyGusher-8oz-2PK,2pk|8oz,FALSE,8 oz,,,,,ChamoyGusher-8oz-2PK,
TT-ChamoyCandy-Tajin,IP124-8oz,8oz,FALSE,8 oz,,,,,IP124-8oz,
TT-ChamoyCandy-Tajin,ChamoyGushers-4oz-1PK,1pk|4oz,FALSE,4 oz,,,,,,ChamoyGushers-4oz-1PK
TT-ChamoyCandy-Tajin,ChamoyGushers-8oz-1PK,1pk|8oz,FALSE,8 oz,,,,,,ChamoyGushers-8oz-1PK
TT-ChamoyCandy-Tajin,TT-chamoy-gushers-mexican-skittles,,FALSE,,,,,,,
TT-ChamoyGummies-SpicyMango,SpicyMango-8oz-1PK,1pk|8oz,TRUE,8 oz,,,,,SpicyMango-8oz-1PK,
TT-ChamoyGummies-SpicyMango,SpicyMango-8oz-2PK,2pk|8oz,FALSE,8 oz,,,,,SpicyMango-8oz-2PK,
TT-ChamoyGummies-SpicyMango,ChamoyGummies-SpicyMango,,FALSE,,,,,,,
TT-ChocolateBark-Cheerios,CheeriosBark-Milk,,TRUE,,,,,,,
TT-ChocolateBark-CookiesCream,Cookie&Cream-WhiteBark-16oz,16oz,TRUE,16 oz,,,Cookie&Cream-WhiteBark-16oz,,Cookie&Cream-WhiteBark-16oz,
TT-ChocolateBark-CookiesCream,Cookie&Cream-WhiteBark-2lb,2lb,FALSE,2 lb,,,Cookie&Cream-WhiteBark-2lb,,Cookie&Cream-WhiteBark-2lb,
TT-ChocolateBark-CookiesCream,Cookie&Cream-WhiteBark-8oz,8oz,FALSE,8 oz,,,Cookie&Cream-WhiteBark-8oz,,,Cookie&Cream-WhiteBark-8oz
TT-ChocolateBark-CookiesCream,CookieBark-16oz,16oz,FALSE,16 oz,,,,,CookieBark-16oz,
TT-ChocolateBark-CookiesCream,SeaSalt-Almond-2lb,2lb,FALSE,2 lb,,,,,SeaSalt-Almond-2lb,
TT-ChocolateBark-CookiesCream,Cookie&Cream-WhiteBark-1lb-1PK,1lb|1pk,FALSE,1 lb,,,,,,Cookie&Cream-WhiteBark-1lb-1PK
TT-ChocolateBark-DatesAlmond,DatesAlmondBark-DarkChocolate,,TRUE,,,,,,,
TT-ChocolateBark-PistachioDarkChocolate,Pistachio-Bark-Dark-8oz,8oz,TRUE,8 oz,,,Pistachio-Bark-Dark-8oz,,,
TT-ChocolateBark-PistachioMilkChocolate,Pistachio-Bark-Milk-8oz,8oz,TRUE,8 oz,,,Pistachio-Bark-Milk-8oz,,,
TT-ChocolateBark-PotatoChipDarkChocolate,PotatoChip-DarkChoc-1lb,1lb,TRUE,1 lb,,,PotatoChip-DarkChoc-1lb,,,
TT-ChocolateBark-PotatoChipDarkChocolate,PotatoChip-DarkChoc-8oz,8oz,FALSE,8 oz,,,PotatoChip-DarkChoc-8oz,,,
TT-ChocolateBark-PotatoChipDarkChocolate,PotatoChip-MilkChoc-16oz,16oz,FALSE,16 oz,,,,,,PotatoChip-MilkChoc-16oz
TT-ChocolateBark-PotatoChipDarkChocolate,PotatoChip-MilkChoc-8oz-2pk,2pk|8oz,FALSE,8 oz,,,,,,PotatoChip-MilkChoc-8oz-2pk
TT-ChocolateBark-PotatoChipMilkChocolate,PotatoChip-MilkChoc-1lb-rev1,1lb,TRUE,1 lb,,,PotatoChip-MilkChoc-1lb-rev1,,,
TT-ChocolateBark-PotatoChipMilkChocolate,PotatoChip-MilkChoc-8oz,8oz,FALSE,8 oz,,,PotatoChip-MilkChoc-8oz,,,
TT-ChocolateBark-PotatoChipMilkChocolate,FruityPebbleBark-16oz,16oz,FALSE,16 oz,,,,,FruityPebbleBark-16oz,
TT-ChocolateBark-PotatoChipMilkChocolate,PotatoChip-MilkChoc-16oz,16oz,FALSE,16 oz,,,,,PotatoChip-MilkChoc-16oz,
TT-ChocolateBark-PotatoChipMilkChocolate,SeaSalt-Almond-16oz,16oz,FALSE,16 oz,,,,,SeaSalt-Almond-16oz,
TT-ChocolateBark-RainbowCrunch,FruityPebbleBark-2lb,2lb,TRUE,2 lb,,,FruityPebbleBark-2lb,,FruityPebbleBark-2lb,
TT-ChocolateBark-RainbowCrunch,FruityPebbleBark-2lbs,2lb,FALSE,2 lb,,,FruityPebbleBark-2lbs,,FruityPebbleBark-2lbs,
TT-ChocolateBark-RainbowCrunch,FruityPebbleBark-8oz,8oz,FALSE,8 oz,,,FruityPebbleBark-8oz,,FruityPebbleBark-8oz,
TT-ChocolateBark-RainbowCrunch,FruityPebbleBark-16oz,16oz,FALSE,16 oz,,,,,FruityPebbleBark-16oz,
TT-ChocolateBark-RainbowCrunch,FruityPebblesBark-1lb,1lb,FALSE,1 lb,,,,,FruityPebblesBark-1lb,
TT-ChocolateBark-RainbowCrunch,FruityPebblesBark-8oz,8oz,FALSE,8 oz,,,,,FruityPebblesBark-8oz,
TT-ChocolateBark-RainbowCrunch,Rainb-Crunch-Whi-Bark-16oz,16oz,FALSE,16 oz,,,,,Rainb-Crunch-Whi-Bark-16oz,
TT-ChocolateBark-RainbowCrunch,Rainb-Crunch-Whi-Bark-2lbs,2lb,FALSE,2 lb,,,,,Rainb-Crunch-Whi-Bark-2lbs,
TT-ChocolateBark-RainbowCrunch,FruityPebble-White-2lb-Jar-1pk,1pk|2lb,FALSE,2 lb,,,,,,FruityPebble-White-2lb-Jar-1pk
TT-ChocolateBark-SeaSaltAlmond,SeaSalt-Almond-8oz,8oz,TRUE,8 oz,,,SeaSalt-Almond-8oz,,,
TT-ChocolateBark-SeaSaltAlmond,SaltedAlmondMilkBark-8oz,8oz,FALSE,8 oz,,,,,SaltedAlmondMilkBark-8oz,
TT-ChocolateBark-WhiteChocolatePebbles,WhiteBark-ChocolatePebbles,,TRUE,,,,,,,
TT-ChocolateBars-SpicyDark,SpicyChocolate-Dark,,TRUE,,,,,,,
TT-ChocolateCoveredGummyBears-Original,GummyBear-Chocolate-8oz-1PK,1pk|8oz,TRUE,8 oz,,,,,GummyBear-Chocolate-8oz-1PK,
TT-ChocolateCoveredGummyBears-Original,GummyBear-Chocolate-8oz-2PK,2pk|8oz,FALSE,8 oz,,,,,GummyBear-Chocolate-8oz-2PK,
TT-ChocolateCoveredGummyBears-Original,GummyBears-ChocolateCovered,,FALSE,,,,,,,
TT-ChocolatePeanutButterMix-Jam,ChocPeanutButterMix-Jam,,TRUE,,,,,,,
TT-ChocolatePeanutButterMix-Original,ChocPeanutButterMix-Original,,TRUE,,,,,,,
TT-CottonCandy-ChocolateCoffee,CottonCandy-ChocolateCoffee,,TRUE,,,,,,,
TT-CottonCandy-Orange,CottonCandy-Orange,,TRUE,,,,,,,
TT-CottonCandy-Watermelon,CottonCandy-Watermelon,,TRUE,,,,,,,
TT-DelightHardCandy-Coffee,TT-coffee-delight-filled-hard,,TRUE,,,,,,,
TT-DelightHardCandy-Strawberry,StrawberryDelight-8oz-2pk,2pk|8oz,TRUE,8 oz,,,,,StrawberryDelight-8oz-2pk,
TT-DelightHardCandy-Strawberry,TT-center-delight-filled-hard,,FALSE,,,,,,,
TT-DippingPowder-SourBlueRaspberry,SourBlue-DippingPowder-6oz-1PK,1pk|6oz,TRUE,6 oz,,,,,,SourBlue-DippingPowder-6oz-1PK
TT-DippingPowder-SourBlueRaspberry,SourBlue-DippingPower-6.5oz-1PK,1pk|6.5oz,FALSE,6.5 oz,,,,,,SourBlue-DippingPower-6.5oz-1PK
TT-DippingPowder-SourBlueRaspberry,SourBlue-DippingPower-6oz-1PK,1pk|6oz,FALSE,6 oz,,,,,,SourBlue-DippingPower-6oz-1PK
TT-DippingPowder-SourBlueRaspberry,DippingPowder-SourBlueRaspberry,,FALSE,,,,,,,
TT-DippingPowder-SourCherry,SourCherry-DippingPowder-6oz-1PK,1pk|6oz,TRUE,6 oz,,,,,,SourCherry-DippingPowder-6oz-1PK
TT-DippingPowder-SourCherry,DippingPowder-SourCherry,,FALSE,,,,,,,
TT-DippingPowder-SourPinkCherry,SourPinkCherry-DippingPowder-6oz-1PK,1pk|6oz,TRUE,6 oz,,,,,,SourPinkCherry-DippingPowder-6oz-1PK
TT-DippingPowder-SourPinkCherry,DippingPowder-SourPinkCherry,,FALSE,,,,,,,
TT-DippingPowder-SourWatermelon,DippingPowder-SourWatermelon,,TRUE,,,,,,,
TT-DippingPowder-SweetBlueRaspberry,SweetBlue-DippingPowder-6oz-1PK,1pk|6oz,TRUE,6 oz,,,,,,SweetBlue-DippingPowder-6oz-1PK
TT-DippingPowder-SweetBlueRaspberry,SweetBlue-DippingPower-6oz-1PK,1pk|6oz,FALSE,6 oz,,,,,,SweetBlue-DippingPower-6oz-1PK
TT-DippingPowder-SweetBlueRaspberry,DippingPowder-SweetBlueRaspberry,,FALSE,,,,,,,
TT-DippingPowder-SweetCherry,SweetCherry-DippingPowder-6oz-1PK,1pk|6oz,TRUE,6 oz,,,,,,SweetCherry-DippingPowder-6oz-1PK
TT-DippingPowder-SweetCherry,DippingPowder-SweetCherry,,FALSE,,,,,,,
TT-DippingPowder-SweetCottonCandy,DippingPowder-SweetCottonCandy,,TRUE,,,,,,,
TT-DippingPowder-SweetPinkCherry,SweetPinkCherry-DippingPowder-6oz-1PK,1pk|6oz,TRUE,6 oz,,,,,,SweetPinkCherry-DippingPowder-6oz-1PK
TT-DippingPowder-SweetPinkCherry,DippingPowder-SweetPinkCherry,,FALSE,,,,,,,
TT-DippingPowder-SweetWatermelon,DippingPowder-SweetWatermelon,,TRUE,,,,,,,
TT-DriedMango-Chamoy,ChamoyMango,,TRUE,,,,,,,
TT-DubaiChocolate-DarkChocolate,DarkChoc-16oz..,16oz,TRUE,16 oz,,,,,DarkChoc-16oz..,
TT-DubaiChocolate-DarkChocolate,DarkChoc-8oz..,8oz,FALSE,8 oz,,,,,DarkChoc-8oz..,
TT-DubaiChocolate-DarkChocolate,DubaiChoc-Dark,,FALSE,,,,,,,
TT-DubaiChocolate-DarkChocolate,DubaiChocBar-Dark,,FALSE,,,,,,,
TT-DubaiChocolate-DarkChocolatePeanutButter,DubaiDarkChocPeanutButter-8oz,8oz,TRUE,8 oz,,,DubaiDarkChocPeanutButter-8oz,,,
TT-DubaiChocolate-MilkChocolate,MilkChoc-16oz...,16oz,TRUE,16 oz,,,MilkChoc-16oz...,,,
TT-DubaiChocolate-MilkChocolate,MilkChoc-8oz..,8oz,FALSE,8 oz,,,MilkChoc-8oz..,,MilkChoc-8oz..,
TT-DubaiChocolate-MilkChocolate,MilkChoc-16oz..,16oz,FALSE,16 oz,,,,,MilkChoc-16oz..,
TT-DubaiChocolate-MilkChocolate,MilkChoc-8oz-1pk,1pk|8oz,FALSE,8 oz,,,,,,MilkChoc-8oz-1pk
TT-DubaiChocolate-MilkChocolatePeanutButter,DubaiChoc-PB-8oz,8oz,TRUE,8 oz,,,DubaiChoc-PB-8oz,,,
TT-DubaiChocolate-MilkChocolatePeanutButter,DubaiMalikChocPeanutButter-1lb,1lb,FALSE,1 lb,,,DubaiMalikChocPeanutButter-1lb,,,
TT-DubaiChocolate-MilkChocolatePeanutButter,DubaiChoc-PB-16oz-1pk-rev1,16oz|1pk,FALSE,16 oz,,,,,,DubaiChoc-PB-16oz-1pk-rev1
TT-DubaiChocolate-MilkChocolatePeanutButter,DubaiChocBar-MilkPeanutButter,,FALSE,,,,,,,
TT-ExoticGummyMix-Assorted,ExoticGummyMix-1lb,1lb,TRUE,1 lb,,,ExoticGummyMix-1lb,,,
TT-ExoticGummyMix-Assorted,ExoticGummyMix-1lb.,1lb,FALSE,1 lb,,,ExoticGummyMix-1lb.,,,
TT-ExoticGummyMix-Assorted,ExoticGummyMix-2lbs,2lb,FALSE,2 lb,,,ExoticGummyMix-2lbs,,,
TT-ExoticGummyMix-Assorted,ExoticGummyMix-2lbs.,2lb,FALSE,2 lb,,,ExoticGummyMix-2lbs.,,,
TT-ExoticGummyMix-Assorted,ExoticGummyMix-3.25lbs.,3.25lb,FALSE,3.25 lb,,,ExoticGummyMix-3.25lbs.,,,
TT-ExoticGummyMix-Assorted,ExoticGummyMix-7lbs.,7lb,FALSE,7 lb,,,ExoticGummyMix-7lbs.,,,
TT-ExoticGummyMix-Assorted,ExoticGummyMix-8oz,8oz,FALSE,8 oz,,,ExoticGummyMix-8oz,,,
TT-ExoticGummyMix-Assorted,ExoticGummyMix-8oz.,8oz,FALSE,8 oz,,,ExoticGummyMix-8oz.,,,
TT-ExoticGummyMix-Assorted,ExoticGummy-1lb,1lb,FALSE,1 lb,,,,,ExoticGummy-1lb,
TT-ExoticGummyMix-Assorted,ExoticGummy-2lb,2lb,FALSE,2 lb,,,,,ExoticGummy-2lb,
TT-ExoticGummyMix-Assorted,ExoticGummy-3.25lb-Jar,3.25lb,FALSE,3.25 lb,,,,,ExoticGummy-3.25lb-Jar,
TT-ExoticGummyMix-Assorted,ExoticGummy-7lb-Jar,7lb,FALSE,7 lb,,,,,ExoticGummy-7lb-Jar,
TT-ExoticGummyMix-Assorted,ExoticGummy-8oz,8oz,FALSE,8 oz,,,,,ExoticGummy-8oz,
TT-ExoticGummyMix-Assorted,ExoticGummy-8oz-1PK,1pk|8oz,FALSE,8 oz,,,,,ExoticGummy-8oz-1PK,
TT-ExoticGummyMix-Assorted,ExoticGummyMix-3.25lbs-Jar-1pk,1pk|3.25lb,FALSE,3.25 lb,,,,,,ExoticGummyMix-3.25lbs-Jar-1pk
TT-FilledWhaleGummies-Assorted,Filled-Whale-Gummy-8oz-1pk,1pk|8oz,TRUE,8 oz,,,,,,Filled-Whale-Gummy-8oz-1pk
TT-FilledWhaleGummies-Assorted,Filled-Whale-Gummy-8oz-2pk,2pk|8oz,FALSE,8 oz,,,,,,Filled-Whale-Gummy-8oz-2pk
TT-FilledWhaleGummies-Assorted,FilledWhaleGummy,,FALSE,,,,,,,
TT-FlamingoGummies-Assorted,PinkFlamingoGummies-Fruity,,TRUE,,,,,,,
TT-FlowerPowerCandy-Assorted,Flower-Power-Flower-8oz-2-pk,8oz,TRUE,8 oz,,,,,Flower-Power-Flower-8oz-2-pk,
TT-FlowerPowerCandy-Assorted,Flower-Power-Flower-8oz-4-pk,8oz,FALSE,8 oz,,,,,Flower-Power-Flower-8oz-4-pk,
TT-FlowerPowerCandy-Assorted,TT-flower-power-shaped,,FALSE,,,,,,,
TT-FreedomGummies-Assorted,FreedomGummy-Bears,,TRUE,,,,,,,
TT-FruitChews-Assorted,FruitChews-Assorted,,TRUE,,,,,,,
TT-FruitJellyCandy-Assorted,Assorted-Vidal-FruitJelly-1pk,1pk,TRUE,,,,,,Assorted-Vidal-FruitJelly-1pk,Assorted-Vidal-FruitJelly-1pk
TT-FruitJellyCandy-Assorted,Assorted-Vidal-FruitJelly-2pk,2pk,FALSE,,,,,,Assorted-Vidal-FruitJelly-2pk,
TT-FruitJellyCandy-Assorted,TT-jelly-socially,,FALSE,,,,,,,
TT-FruitSlices-Apple,FruitSlice-Apple-1lb,1lb,TRUE,1 lb,,,FruitSlice-Apple-1lb,,FruitSlice-Apple-1lb,
TT-FruitSlices-Apple,FruitSlice-Apple-8oz,8oz,FALSE,8 oz,,,FruitSlice-Apple-8oz,,FruitSlice-Apple-8oz,FruitSlice-Apple-8oz
TT-FruitSlices-Apple,FruitSlice-Apple-8oz.,8oz,FALSE,8 oz,,,FruitSlice-Apple-8oz.,,,
TT-FruitSlices-Apple,FruitJelly-Assorted-32oz,32oz,FALSE,32 oz,,,,FruitJelly-Assorted-32oz,,
TT-FruitSlices-Apple,FruitJelly-Assorted-44ozJar,44oz,FALSE,44 oz,,,,FruitJelly-Assorted-44ozJar,,
TT-FruitSlices-Apple,FruitJelly-Assorted-96ozJar,96oz,FALSE,96 oz,,,,FruitJelly-Assorted-96ozJar,,
TT-FruitSlices-Apple,FruitSlice-Apple-2lb,2lb,FALSE,2 lb,,,,,FruitSlice-Apple-2lb,
TT-FruitSlices-Apple,FruitSlice-Apple-4oz,4oz,FALSE,4 oz,,,,,FruitSlice-Apple-4oz,
TT-FruitSlices-Apple,FruitJelly-Cherry-2lbs,2lb,FALSE,2 lb,,,,,FruitJelly-Cherry-2lbs,
TT-FruitSlices-Apple,FruitJelly-Orange-1lb,1lb,FALSE,1 lb,,,,,FruitJelly-Orange-1lb,
TT-FruitSlices-Apple,FruitJelly-Orange-2lb,2lb,FALSE,2 lb,,,,,FruitJelly-Orange-2lb,
TT-FruitSlices-Apple,FruitJelly-Spearmint-2lb,2lb,FALSE,2 lb,,,,,FruitJelly-Spearmint-2lb,
TT-FruitSlices-Apple,SpiceDrops-8oz-1pk,1pk|8oz,FALSE,8 oz,,,,,SpiceDrops-8oz-1pk,
TT-FruitSlices-Apple,SpiceDrops-8oz-2pk,2pk|8oz,FALSE,8 oz,,,,,SpiceDrops-8oz-2pk,
TT-FruitSlices-Apple,FruitSlice-Apple-8oz-1pk,1pk|8oz,FALSE,8 oz,,,,,,FruitSlice-Apple-8oz-1pk
TT-FruitSlices-Apple,FruitJelly-Assorted-2.75lbJar-1pk,1pk|2.75lb,FALSE,2.75 lb,,,,,,FruitJelly-Assorted-2.75lbJar-1pk
TT-FruitSlices-Apple,FruitJelly-Assorted-8oz-1pk,1pk|8oz,FALSE,8 oz,,,,,,FruitJelly-Assorted-8oz-1pk
TT-FruitSlices-Apple,FruitJelly-Assorted-8oz-1pk-rev-3,1pk|8oz,FALSE,8 oz,,,,,,FruitJelly-Assorted-8oz-1pk-rev-3
TT-FruitSlices-Apple,FruitJelly-Assorted-8oz-1pk-rev1,1pk|8oz,FALSE,8 oz,,,,,,FruitJelly-Assorted-8oz-1pk-rev1
TT-FruitSlices-Apple,FruitJelly-Assorted-8oz-1pk-rev2,1pk|8oz,FALSE,8 oz,,,,,,FruitJelly-Assorted-8oz-1pk-rev2
TT-FruitSlices-Apple,FruitJelly-Assorted-8oz-1pk-rev3,1pk|8oz,FALSE,8 oz,,,,,,FruitJelly-Assorted-8oz-1pk-rev3
TT-FruitSlices-Apple,FruitJelly-Assorted-8oz-2PK-rev1,2pk|8oz,FALSE,8 oz,,,,,,FruitJelly-Assorted-8oz-2PK-rev1
TT-FruitSlices-Apple,FruitJelly-Assorted-8oz-2pk,2pk|8oz,FALSE,8 oz,,,,,,FruitJelly-Assorted-8oz-2pk
TT-FruitSlices-Apple,FruitJelly-Assorted-8oz-2pk-rev3,2pk|8oz,FALSE,8 oz,,,,,,FruitJelly-Assorted-8oz-2pk-rev3
TT-FruitSlices-Apple,FruitJelly-Cherry-1lb-rev1,1lb,FALSE,1 lb,,,,,,FruitJelly-Cherry-1lb-rev1
TT-FruitSlices-Apple,FruitJelly-Cherry-8oz-1pk-rev2,1pk|8oz,FALSE,8 oz,,,,,,FruitJelly-Cherry-8oz-1pk-rev2
TT-FruitSlices-Apple,FruitJelly-Orange-8oz-1pk-rev2,1pk|8oz,FALSE,8 oz,,,,,,FruitJelly-Orange-8oz-1pk-rev2
TT-FruitSlices-Apple,FruitJelly-Orange-8oz-2PK-rev1,2pk|8oz,FALSE,8 oz,,,,,,FruitJelly-Orange-8oz-2PK-rev1
TT-FruitSlices-Apple,FruitJelly-Spearmint-8oz-1pk-rev2,1pk|8oz,FALSE,8 oz,,,,,,FruitJelly-Spearmint-8oz-1pk-rev2
TT-FruitSlices-Apple,FruitSlice-Assort-2lb-1pk-Rev1,1pk|2lb,FALSE,2 lb,,,,,,FruitSlice-Assort-2lb-1pk-Rev1
TT-FruitSlices-Apple,FruitSlice-Assort-8oz-1pk-rev1,1pk|8oz,FALSE,8 oz,,,,,,FruitSlice-Assort-8oz-1pk-rev1
TT-FruitSlices-Apple,FruitSlice-Apple,,FALSE,,,,,,,
TT-FruitSlices-Assorted,FruitJelly-Assorted-1lb,1lb,TRUE,1 lb,,,FruitJelly-Assorted-1lb,FruitJelly-Assorted-1lb,FruitJelly-Assorted-1lb,
TT-FruitSlices-Assorted,FruitJelly-Assorted-2.75lbJar,2.75lb,FALSE,2.75 lb,,,FruitJelly-Assorted-2.75lbJar,,FruitJelly-Assorted-2.75lbJar,
TT-FruitSlices-Assorted,FruitJelly-Assorted-2.75lbJar.,2.75lb,FALSE,2.75 lb,,,FruitJelly-Assorted-2.75lbJar.,,,
TT-FruitSlices-Assorted,FruitJelly-Assorted-2lb,2lb,FALSE,2 lb,,,FruitJelly-Assorted-2lb,,FruitJelly-Assorted-2lb,FruitJelly-Assorted-2lb
TT-FruitSlices-Assorted,FruitJelly-Assorted-6lbJar.,6lb,FALSE,6 lb,,,FruitJelly-Assorted-6lbJar.,,,
TT-FruitSlices-Assorted,FruitJelly-Assorted-8oz,8oz,FALSE,8 oz,,,FruitJelly-Assorted-8oz,,FruitJelly-Assorted-8oz,FruitJelly-Assorted-8oz
TT-FruitSlices-Assorted,FruitSlice-Assort-1lb,1lb,FALSE,1 lb,,,FruitSlice-Assort-1lb,,FruitSlice-Assort-1lb,
TT-FruitSlices-Assorted,FruitSlice-Assort-1lb.,1lb,FALSE,1 lb,,,FruitSlice-Assort-1lb.,,,
TT-FruitSlices-Assorted,FruitSlice-Assort-2lb,2lb,FALSE,2 lb,,,FruitSlice-Assort-2lb,,FruitSlice-Assort-2lb,FruitSlice-Assort-2lb
TT-FruitSlices-Assorted,FruitSlice-Assort-2lb.,2lb,FALSE,2 lb,,,FruitSlice-Assort-2lb.,,,
TT-FruitSlices-Assorted,FruitSlice-Assort-8oz,8oz,FALSE,8 oz,,,FruitSlice-Assort-8oz,,FruitSlice-Assort-8oz,FruitSlice-Assort-8oz
TT-FruitSlices-Assorted,FruitSlice-Assort-8oz.,8oz,FALSE,8 oz,,,FruitSlice-Assort-8oz.,,,
TT-FruitSlices-Assorted,FruitJelly-Assorted-6lbJar,6lb,FALSE,6 lb,,,,,FruitJelly-Assorted-6lbJar,
TT-FruitSlices-Assorted,FruitJelly-Assorted-8oz-1PK,1pk|8oz,FALSE,8 oz,,,,,,FruitJelly-Assorted-8oz-1PK
TT-FruitSlices-Assorted,FruitJelly-Assorted-8oz-2PK,2pk|8oz,FALSE,8 oz,,,,,,FruitJelly-Assorted-8oz-2PK
TT-FruitSlices-Assorted,FruitJelly-Assorted-8oz-rev1,8oz,FALSE,8 oz,,,,,,FruitJelly-Assorted-8oz-rev1
TT-FruitSlices-Assorted,FruitSlice-Assort-2lb...,2lb,FALSE,2 lb,,,,,,FruitSlice-Assort-2lb...
TT-FruitSlices-Assorted,FruitSlice-Assort-8oz-1Pk-rev1,1pk|8oz,FALSE,8 oz,,,,,,FruitSlice-Assort-8oz-1Pk-rev1
TT-FruitSlices-Assorted,FruitSlice-Assort-8oz-1pk,1pk|8oz,FALSE,8 oz,,,,,,FruitSlice-Assort-8oz-1pk
TT-FruitSlices-Assorted,FruitSlice-Assorted-6oz-1Pk,1pk|6oz,FALSE,6 oz,,,,,,FruitSlice-Assorted-6oz-1Pk
TT-FruitSlices-Assorted,FruitSlice-MixFruit-6oz-1Pk,1pk|6oz,FALSE,6 oz,,,,,,FruitSlice-MixFruit-6oz-1Pk
TT-FruitSlices-Assorted,FruitJelly-Assorted-8oz-1pk-rev1,1pk|8oz,FALSE,8 oz,,,,,,FruitJelly-Assorted-8oz-1pk-rev1
TT-FruitSlices-Assorted,FruitJelly-Assorted-8oz-2pk-rev1,2pk|8oz,FALSE,8 oz,,,,,,FruitJelly-Assorted-8oz-2pk-rev1
TT-FruitSlices-Assorted,FruitSlice-Assort-2lb-1pk-Rev1,1pk|2lb,FALSE,2 lb,,,,,,FruitSlice-Assort-2lb-1pk-Rev1
TT-FruitSlices-Assorted,FruitSlice-Assort-6oz-1pk,1pk|6oz,FALSE,6 oz,,,,,,FruitSlice-Assort-6oz-1pk
TT-FruitSlices-Assorted,FruitSlice-Assort-6oz-1pk-rev1,1pk|6oz,FALSE,6 oz,,,,,,FruitSlice-Assort-6oz-1pk-rev1
TT-FruitSlices-Assorted,FruitSlice-Assort-8oz.....,8oz,FALSE,8 oz,,,,,,FruitSlice-Assort-8oz.....
TT-FruitSlices-Assorted,FruitSlice-Assorted,,FALSE,,,,,,,
TT-FruitSlices-BlueRaspberry,FruitSlice-Blue-1lb,1lb,TRUE,1 lb,,,FruitSlice-Blue-1lb,,FruitSlice-Blue-1lb,
TT-FruitSlices-BlueRaspberry,FruitSlice-Blue-2lb,2lb,FALSE,2 lb,,,FruitSlice-Blue-2lb,,FruitSlice-Blue-2lb,
TT-FruitSlices-BlueRaspberry,FruitSlice-Blue-8oz,8oz,FALSE,8 oz,,,FruitSlice-Blue-8oz,,FruitSlice-Blue-8oz,FruitSlice-Blue-8oz
TT-FruitSlices-BlueRaspberry,FruitSlice-Blue-8oz.,8oz,FALSE,8 oz,,,FruitSlice-Blue-8oz.,,,
TT-FruitSlices-BlueRaspberry,FruitSlice-Blue-8oz-1pk,1pk|8oz,FALSE,8 oz,,,,,,FruitSlice-Blue-8oz-1pk
TT-FruitSlices-BlueRaspberry,FruitSlice-Blue-2lb-rev1,2lb,FALSE,2 lb,,,,,,FruitSlice-Blue-2lb-rev1
TT-FruitSlices-BlueRaspberry,FruitSlice-BlueRaspberry,,FALSE,,,,,,,
TT-FruitSlices-Cherry,FruitJelly-Cherry-1lb,1lb,TRUE,1 lb,,,FruitJelly-Cherry-1lb,,FruitJelly-Cherry-1lb,FruitJelly-Cherry-1lb
TT-FruitSlices-Cherry,FruitJelly-Cherry-1lb.,1lb,FALSE,1 lb,,,FruitJelly-Cherry-1lb.,,,
TT-FruitSlices-Cherry,FruitJelly-Cherry-2lbs.,2lb,FALSE,2 lb,,,FruitJelly-Cherry-2lbs.,,,
TT-FruitSlices-Cherry,FruitJelly-Cherry-4oz.,4oz,FALSE,4 oz,,,FruitJelly-Cherry-4oz.,,,
TT-FruitSlices-Cherry,FruitJelly-Cherry-8oz,8oz,FALSE,8 oz,,,FruitJelly-Cherry-8oz,,FruitJelly-Cherry-8oz,FruitJelly-Cherry-8oz
TT-FruitSlices-Cherry,FruitJelly-Cherry-8oz.,8oz,FALSE,8 oz,,,FruitJelly-Cherry-8oz.,,,
TT-FruitSlices-Cherry,FruitSlice-Cherry-2lb,2lb,FALSE,2 lb,,,FruitSlice-Cherry-2lb,,FruitSlice-Cherry-2lb,
TT-FruitSlices-Cherry,FruitSlice-Cherry-8oz,8oz,FALSE,8 oz,,,FruitSlice-Cherry-8oz,,FruitSlice-Cherry-8oz,
TT-FruitSlices-Cherry,FruitSlice-Cherry-8oz.,8oz,FALSE,8 oz,,,FruitSlice-Cherry-8oz.,,,
TT-FruitSlices-Cherry,FruitSlice-Cherry-FruitSlice-Cherry-1lb,1lb,FALSE,1 lb,,,FruitSlice-Cherry-FruitSlice-Cherry-1lb,,,
TT-FruitSlices-Cherry,FruitJelly-Cherry-32oz,32oz,FALSE,32 oz,,,,FruitJelly-Cherry-32oz,,
TT-FruitSlices-Cherry,FruitJelly-Cherry-2.75lbsJar,2.75lb,FALSE,2.75 lb,,,,,FruitJelly-Cherry-2.75lbsJar,
TT-FruitSlices-Cherry,FruitJelly-Cherry-2lbs,2lb,FALSE,2 lb,,,,,FruitJelly-Cherry-2lbs,
TT-FruitSlices-Cherry,FruitSlice-Cherry-1lb,1lb,FALSE,1 lb,,,,,FruitSlice-Cherry-1lb,
TT-FruitSlices-Cherry,FruitJelly-Cherry-8oz-1pk,1pk|8oz,FALSE,8 oz,,,,,,FruitJelly-Cherry-8oz-1pk
TT-FruitSlices-Cherry,FruitJelly-Cherry-8oz-1pk-rev-3,1pk|8oz,FALSE,8 oz,,,,,,FruitJelly-Cherry-8oz-1pk-rev-3
TT-FruitSlices-Cherry,FruitJelly-Cherry-8oz-1pk-rev2,1pk|8oz,FALSE,8 oz,,,,,,FruitJelly-Cherry-8oz-1pk-rev2
TT-FruitSlices-Cherry,FruitJelly-Cherry-8oz-2pk,2pk|8oz,FALSE,8 oz,,,,,,FruitJelly-Cherry-8oz-2pk
TT-FruitSlices-Cherry,FruitJelly-Cherry-8oz-rev1,8oz,FALSE,8 oz,,,,,,FruitJelly-Cherry-8oz-rev1
TT-FruitSlices-Cherry,FruitSlice-Cherry-8oz-1pk,1pk|8oz,FALSE,8 oz,,,,,,FruitSlice-Cherry-8oz-1pk
TT-FruitSlices-Cherry,FruitJelly-Cherry,,FALSE,,,,,,,
TT-FruitSlices-Cherry,FruitSlice-Cherry,,FALSE,,,,,,,
TT-FruitSlices-Grape,FruitSlice-Grape-1lb,1lb,TRUE,1 lb,,,FruitSlice-Grape-1lb,,FruitSlice-Grape-1lb,
TT-FruitSlices-Grape,FruitSlice-Grape-8oz,8oz,FALSE,8 oz,,,FruitSlice-Grape-8oz,,FruitSlice-Grape-8oz,FruitSlice-Grape-8oz
TT-FruitSlices-Grape,FruitSlice-Grape-8oz.,8oz,FALSE,8 oz,,,FruitSlice-Grape-8oz.,,,
TT-FruitSlices-Grape,FruitSlice-Grape-8oz-1pk,1pk|8oz,FALSE,8 oz,,,,,,FruitSlice-Grape-8oz-1pk
TT-FruitSlices-Grape,FruitSlice-Grape,,FALSE,,,,,,,
TT-FruitSlices-Lemon,FruitSlice-Lemon-1lb,1lb,TRUE,1 lb,,,FruitSlice-Lemon-1lb,,FruitSlice-Lemon-1lb,
TT-FruitSlices-Lemon,FruitSlice-Lemon-2lb,2lb,FALSE,2 lb,,,FruitSlice-Lemon-2lb,,,
TT-FruitSlices-Lemon,FruitSlice-Lemon-8oz,8oz,FALSE,8 oz,,,FruitSlice-Lemon-8oz,,FruitSlice-Lemon-8oz,
TT-FruitSlices-Lemon,FruitSlice-Lemon-8oz.,8oz,FALSE,8 oz,,,FruitSlice-Lemon-8oz.,,,FruitSlice-Lemon-8oz.
TT-FruitSlices-Lemon,FruitSlice-Lemon-8oz-1pk,1pk|8oz,FALSE,8 oz,,,,,,FruitSlice-Lemon-8oz-1pk
TT-FruitSlices-Lemon,FruitSlice-Lemon,,FALSE,,,,,,,
TT-FruitSlices-LemonLime,FruitSlice-LemonLime-1lb,1lb,TRUE,1 lb,,,FruitSlice-LemonLime-1lb,,FruitSlice-LemonLime-1lb,
TT-FruitSlices-LemonLime,FruitSlice-LemonLime-2lb,2lb,FALSE,2 lb,,,FruitSlice-LemonLime-2lb,,FruitSlice-LemonLime-2lb,
TT-FruitSlices-LemonLime,FruitSlice-LemonLime-8oz,8oz,FALSE,8 oz,,,FruitSlice-LemonLime-8oz,,FruitSlice-LemonLime-8oz,
TT-FruitSlices-LemonLime,FruitSlice-LemonLime-8oz.,8oz,FALSE,8 oz,,,FruitSlice-LemonLime-8oz.,,,FruitSlice-LemonLime-8oz.
TT-FruitSlices-LemonLime,FruitSlice-LemonLime-8oz-1pk,1pk|8oz,FALSE,8 oz,,,,,,FruitSlice-LemonLime-8oz-1pk
TT-FruitSlices-LemonLime,FruitSlice-LemonLime,,FALSE,,,,,,,
TT-FruitSlices-Lime,FruitSlice-Lime-1lb,1lb,TRUE,1 lb,,,FruitSlice-Lime-1lb,,FruitSlice-Lime-1lb,
TT-FruitSlices-Lime,FruitSlice-Lime-2lb,2lb,FALSE,2 lb,,,FruitSlice-Lime-2lb,,FruitSlice-Lime-2lb,
TT-FruitSlices-Lime,FruitSlice-Lime-8oz,8oz,FALSE,8 oz,,,FruitSlice-Lime-8oz,,FruitSlice-Lime-8oz,
TT-FruitSlices-Lime,FruitSlice-Lime-8oz.,8oz,FALSE,8 oz,,,FruitSlice-Lime-8oz.,,,FruitSlice-Lime-8oz.
TT-FruitSlices-Lime,FruitSlice-Lime-2lb-rev1,2lb,FALSE,2 lb,,,,,,FruitSlice-Lime-2lb-rev1
TT-FruitSlices-Lime,FruitSlice-Lime-8oz-1pk,1pk|8oz,FALSE,8 oz,,,,,,FruitSlice-Lime-8oz-1pk
TT-FruitSlices-Lime,FruitSlice-Lime,,FALSE,,,,,,,
TT-FruitSlices-Orange,FruitJelly-Orange-1lb.,1lb,TRUE,1 lb,,,FruitJelly-Orange-1lb.,,,
TT-FruitSlices-Orange,FruitJelly-Orange-2.75lbsJar.,2.75lb,FALSE,2.75 lb,,,FruitJelly-Orange-2.75lbsJar.,,,
TT-FruitSlices-Orange,FruitJelly-Orange-2lb.,2lb,FALSE,2 lb,,,FruitJelly-Orange-2lb.,,,
TT-FruitSlices-Orange,FruitJelly-Orange-6lbsJar.,6lb,FALSE,6 lb,,,FruitJelly-Orange-6lbsJar.,,,
TT-FruitSlices-Orange,FruitJelly-Orange-8oz,8oz,FALSE,8 oz,,,FruitJelly-Orange-8oz,,FruitJelly-Orange-8oz,FruitJelly-Orange-8oz
TT-FruitSlices-Orange,FruitJelly-Orange-8oz.,8oz,FALSE,8 oz,,,FruitJelly-Orange-8oz.,,,
TT-FruitSlices-Orange,FruitSlice-Orange-1lb,1lb,FALSE,1 lb,,,FruitSlice-Orange-1lb,,FruitSlice-Orange-1lb,
TT-FruitSlices-Orange,FruitSlice-Orange-2lb,2lb,FALSE,2 lb,,,FruitSlice-Orange-2lb,,FruitSlice-Orange-2lb,
TT-FruitSlices-Orange,FruitSlice-Orange-8oz,8oz,FALSE,8 oz,,,FruitSlice-Orange-8oz,,FruitSlice-Orange-8oz,
TT-FruitSlices-Orange,FruitSlice-Orange-8oz.,8oz,FALSE,8 oz,,,FruitSlice-Orange-8oz.,,,
TT-FruitSlices-Orange,FruitJelly-Orange-32oz,32oz,FALSE,32 oz,,,,FruitJelly-Orange-32oz,,
TT-FruitSlices-Orange,FruitJelly-Orange-1lb,1lb,FALSE,1 lb,,,,,FruitJelly-Orange-1lb,
TT-FruitSlices-Orange,FruitJelly-Orange-2.75lbsJar,2.75lb,FALSE,2.75 lb,,,,,FruitJelly-Orange-2.75lbsJar,
TT-FruitSlices-Orange,FruitJelly-Orange-2lb,2lb,FALSE,2 lb,,,,,FruitJelly-Orange-2lb,
TT-FruitSlices-Orange,FruitJelly-Orange-6lbsJar,6lb,FALSE,6 lb,,,,,FruitJelly-Orange-6lbsJar,
TT-FruitSlices-Orange,FruitJelly-Orange-8oz-1PK,1pk|8oz,FALSE,8 oz,,,,,,FruitJelly-Orange-8oz-1PK
TT-FruitSlices-Orange,FruitJelly-Orange-8oz-1pk-rev-3,1pk|8oz,FALSE,8 oz,,,,,,FruitJelly-Orange-8oz-1pk-rev-3
TT-FruitSlices-Orange,FruitJelly-Orange-8oz-1pk-rev2,1pk|8oz,FALSE,8 oz,,,,,,FruitJelly-Orange-8oz-1pk-rev2
TT-FruitSlices-Orange,FruitJelly-Orange-8oz-2PK,2pk|8oz,FALSE,8 oz,,,,,,FruitJelly-Orange-8oz-2PK
TT-FruitSlices-Orange,FruitJelly-Orange-8oz-rev1,8oz,FALSE,8 oz,,,,,,FruitJelly-Orange-8oz-rev1
TT-FruitSlices-Orange,FruitSlice-Orange-8oz-1pk,1pk|8oz,FALSE,8 oz,,,,,,FruitSlice-Orange-8oz-1pk
TT-FruitSlices-Orange,FruitSlice-Orange,,FALSE,,,,,,,
TT-FruitSlices-Peach,FruitSlice-Peach-1lb,1lb,TRUE,1 lb,,,FruitSlice-Peach-1lb,,FruitSlice-Peach-1lb,
TT-FruitSlices-Peach,FruitSlice-Peach-2lb,2lb,FALSE,2 lb,,,FruitSlice-Peach-2lb,,FruitSlice-Peach-2lb,
TT-FruitSlices-Peach,FruitSlice-Peach-8oz,8oz,FALSE,8 oz,,,FruitSlice-Peach-8oz,,FruitSlice-Peach-8oz,
TT-FruitSlices-Peach,FruitSlice-Peach-4oz,4oz,FALSE,4 oz,,,,,FruitSlice-Peach-4oz,
TT-FruitSlices-Peach,FruitSlices-Peach-8oz-1pk,1pk|8oz,FALSE,8 oz,,,,,,FruitSlices-Peach-8oz-1pk
TT-FruitSlices-Peach,FruitSlice-Peach,,FALSE,,,,,,,
TT-FruitSlices-PinkGrapefruit,FruitSlice-PinkGrape-1lb,1lb,TRUE,1 lb,,,FruitSlice-PinkGrape-1lb,,FruitSlice-PinkGrape-1lb,
TT-FruitSlices-PinkGrapefruit,FruitSlice-PinkGrape-2lb,2lb,FALSE,2 lb,,,FruitSlice-PinkGrape-2lb,,FruitSlice-PinkGrape-2lb,
TT-FruitSlices-PinkGrapefruit,FruitSlice-PinkGrape-8oz,8oz,FALSE,8 oz,,,FruitSlice-PinkGrape-8oz,,FruitSlice-PinkGrape-8oz,
TT-FruitSlices-PinkGrapefruit,FruitSlice-PinkGrape-8oz.,8oz,FALSE,8 oz,,,FruitSlice-PinkGrape-8oz.,,,FruitSlice-PinkGrape-8oz.
TT-FruitSlices-PinkGrapefruit,FruitSlice-PinkGrape-8oz-1pk,1pk|8oz,FALSE,8 oz,,,,,,FruitSlice-PinkGrape-8oz-1pk
TT-FruitSlices-PinkGrapefruit,FruitSlice-PinkGrapefruit,,FALSE,,,,,,,
TT-FruitSlices-Raspberry,FruitSlice-Raspberry-1lb,1lb,TRUE,1 lb,,,FruitSlice-Raspberry-1lb,,FruitSlice-Raspberry-1lb,
TT-FruitSlices-Raspberry,FruitSlice-Raspberry-2lb,2lb,FALSE,2 lb,,,FruitSlice-Raspberry-2lb,,FruitSlice-Raspberry-2lb,
TT-FruitSlices-Raspberry,FruitSlice-Raspberry-8oz,8oz,FALSE,8 oz,,,FruitSlice-Raspberry-8oz,,FruitSlice-Raspberry-8oz,FruitSlice-Raspberry-8oz
TT-FruitSlices-Raspberry,FruitSlice-Raspberry-8oz.,8oz,FALSE,8 oz,,,FruitSlice-Raspberry-8oz.,,,
TT-FruitSlices-Raspberry,FruitSlice-Raspberry-8oz-1pk,1pk|8oz,FALSE,8 oz,,,,,,FruitSlice-Raspberry-8oz-1pk
TT-FruitSlices-Raspberry,FruitSlice-Raspberry,,FALSE,,,,,,,
TT-FruitSlices-Spearmint,FruitJelly-Spearmint-1lb,1lb,TRUE,1 lb,,,FruitJelly-Spearmint-1lb,,FruitJelly-Spearmint-1lb,
TT-FruitSlices-Spearmint,FruitJelly-Spearmint-2.75lbsJar.,2.75lb,FALSE,2.75 lb,,,FruitJelly-Spearmint-2.75lbsJar.,,,
TT-FruitSlices-Spearmint,FruitJelly-Spearmint-2lb.,2lb,FALSE,2 lb,,,FruitJelly-Spearmint-2lb.,,,
TT-FruitSlices-Spearmint,FruitJelly-Spearmint-8oz,8oz,FALSE,8 oz,,,FruitJelly-Spearmint-8oz,,FruitJelly-Spearmint-8oz,FruitJelly-Spearmint-8oz
TT-FruitSlices-Spearmint,FruitJelly-Spearmint-2.75lbsJar,2.75lb,FALSE,2.75 lb,,,,,FruitJelly-Spearmint-2.75lbsJar,
TT-FruitSlices-Spearmint,FruitJelly-Spearmint-2lb,2lb,FALSE,2 lb,,,,,FruitJelly-Spearmint-2lb,
TT-FruitSlices-Spearmint,FruitJelly-Spearmint-8oz-1pk,1pk|8oz,FALSE,8 oz,,,,,,FruitJelly-Spearmint-8oz-1pk
TT-FruitSlices-Spearmint,FruitJelly-Spearmint-8oz-1pk-rev-3,1pk|8oz,FALSE,8 oz,,,,,,FruitJelly-Spearmint-8oz-1pk-rev-3
TT-FruitSlices-Spearmint,FruitJelly-Spearmint-8oz-1pk-rev2,1pk|8oz,FALSE,8 oz,,,,,,FruitJelly-Spearmint-8oz-1pk-rev2
TT-FruitSlices-Spearmint,FruitJelly-Spearmint-8oz-2pk,2pk|8oz,FALSE,8 oz,,,,,,FruitJelly-Spearmint-8oz-2pk
TT-FruitSlices-Spearmint,FruitJelly-Spearmint-8oz-rev1,8oz,FALSE,8 oz,,,,,,FruitJelly-Spearmint-8oz-rev1
TT-FruitSlices-Spearmint,FruitJelly-Spearmint,,FALSE,,,,,,,
TT-FruitSlices-Spearmint,FruitSlice-Spearmint,,FALSE,,,,,,,
TT-FruitSlices-Watermelon,FruitSlice-Watermelon-1lb,1lb,TRUE,1 lb,,,FruitSlice-Watermelon-1lb,,FruitSlice-Watermelon-1lb,
TT-FruitSlices-Watermelon,FruitSlice-Watermelon-2lb,2lb,FALSE,2 lb,,,FruitSlice-Watermelon-2lb,,FruitSlice-Watermelon-2lb,
TT-FruitSlices-Watermelon,FruitSlice-Watermelon-8oz,8oz,FALSE,8 oz,,,FruitSlice-Watermelon-8oz,,FruitSlice-Watermelon-8oz,FruitSlice-Watermelon-8oz
TT-FruitSlices-Watermelon,FruitSlice-Watermelon-8oz.,8oz,FALSE,8 oz,,,FruitSlice-Watermelon-8oz.,,,
TT-FruitSlices-Watermelon,FruitSlice-Watermelon-8oz-1pk,1pk|8oz,FALSE,8 oz,,,,,,FruitSlice-Watermelon-8oz-1pk
TT-FruitSlices-Watermelon,FruitSlice-Watermelon,,FALSE,,,,,,,
TT-GingerCandy-Original,TT-ginger-hard-spicy,,TRUE,,,,,,,
TT-GummiBerries-Assorted,TT-berries-colorful-gummi-irresistibly,,TRUE,,,,,,,
TT-GummiButterflies-Assorted,ButterfliesGummyLarge-8oz-2PK,2pk|8oz,TRUE,8 oz,,,,,ButterfliesGummyLarge-8oz-2PK,
TT-GummiButterflies-Assorted,ButterfliesGummyLarge-8oz-4PK,4pk|8oz,FALSE,8 oz,,,,,ButterfliesGummyLarge-8oz-4PK,
TT-GummiButterflies-Assorted,TT-butterflies-colorful-gummi-large,,FALSE,,,,,,,
TT-GummiIcePops-Sherbet,Sherbet-Gummy-8oz-1Pk,1pk|8oz,TRUE,8 oz,,,,,Sherbet-Gummy-8oz-1Pk,Sherbet-Gummy-8oz-1Pk
TT-GummiIcePops-Sherbet,Sherbet-Gummy-8oz-2Pk,2pk|8oz,FALSE,8 oz,,,,,Sherbet-Gummy-8oz-2Pk,Sherbet-Gummy-8oz-2Pk
TT-GummiIcePops-Sherbet,TT-gummi-ice-pops-sherbet,,FALSE,,,,,,,
TT-GummyArmyGuys-Original,ArmyGuys-8oz-1ct,1ct|8oz,TRUE,8 oz,,,ArmyGuys-8oz-1ct,,,
TT-GummyArmyGuys-Original,ArmyGuys-8oz-2ct,2ct|8oz,FALSE,8 oz,,,ArmyGuys-8oz-2ct,,ArmyGuys-8oz-2ct,ArmyGuys-8oz-2ct
TT-GummyAwesomeBlossoms-Assorted,Blossoms-8oz-1PK,1pk|8oz,TRUE,8 oz,,,,,,Blossoms-8oz-1PK
TT-GummyAwesomeBlossoms-Assorted,Blossoms-8oz-2PK,2pk|8oz,FALSE,8 oz,,,,,,Blossoms-8oz-2PK
TT-GummyAwesomeBlossoms-Assorted,Gummi-AwesomeBlossoms,,FALSE,,,,,,,
TT-GummyBears-Assorted,Assorted-Bear-16oz-1PK,16oz|1pk,TRUE,16 oz,,,,,Assorted-Bear-16oz-1PK,
TT-GummyBears-Assorted,Assorted-Bear-16oz-2PK,16oz|2pk,FALSE,16 oz,,,,,Assorted-Bear-16oz-2PK,
TT-GummyBears-Assorted,Assorted-Bear-16oz-5PK,16oz|5pk,FALSE,16 oz,,,,,Assorted-Bear-16oz-5PK,
TT-GummyBears-Assorted,Assorted-Bear-8oz,8oz,FALSE,8 oz,,,,,Assorted-Bear-8oz,
TT-GummyBears-Assorted,Assorted-Bears-1lb-1PK,1lb|1pk,FALSE,1 lb,,,,,Assorted-Bears-1lb-1PK,
TT-GummyBears-Assorted,Assorted-Bears-1lb-5PK,1lb|5pk,FALSE,1 lb,,,,,Assorted-Bears-1lb-5PK,
TT-GummyBears-Assorted,Assorted-Bears-8oz,8oz,FALSE,8 oz,,,,,Assorted-Bears-8oz,
TT-GummyBears-Assorted,Blue-Bear-16oz-1PK,16oz|1pk,FALSE,16 oz,,,,,Blue-Bear-16oz-1PK,
TT-GummyBears-Assorted,Blue-Bear-16oz-2PK,16oz|2pk,FALSE,16 oz,,,,,Blue-Bear-16oz-2PK,
TT-GummyBears-Assorted,Cherry-Bear-16oz-1PK,16oz|1pk,FALSE,16 oz,,,,,Cherry-Bear-16oz-1PK,
TT-GummyBears-Assorted,Cherry-Bear-16oz-5PK,16oz|5pk,FALSE,16 oz,,,,,Cherry-Bear-16oz-5PK,
TT-GummyBears-Assorted,Fruity-Bears-8oz-1PK,1pk|8oz,FALSE,8 oz,,,,,Fruity-Bears-8oz-1PK,
TT-GummyBears-Assorted,Fruity-Bears-8oz-2PK,2pk|8oz,FALSE,8 oz,,,,,Fruity-Bears-8oz-2PK,
TT-GummyBears-Assorted,Fruity-Bears-8oz-4PK,4pk|8oz,FALSE,8 oz,,,,,Fruity-Bears-8oz-4PK,
TT-GummyBears-Assorted,Grape-Bear-16oz-1PK,16oz|1pk,FALSE,16 oz,,,,,Grape-Bear-16oz-1PK,
TT-GummyBears-Assorted,Grape-Bear-16oz-2PK,16oz|2pk,FALSE,16 oz,,,,,Grape-Bear-16oz-2PK,
TT-GummyBears-Assorted,GummyBear-Assorted-15oz-Jar,15oz,FALSE,15 oz,,,,,GummyBear-Assorted-15oz-Jar,
TT-GummyBears-Assorted,GummyBear-BlueRaspberry-15oz-Jar,15oz,FALSE,15 oz,,,,,GummyBear-BlueRaspberry-15oz-Jar,
TT-GummyBears-Assorted,GummyBear-Grape-15oz-Jar,15oz,FALSE,15 oz,,,,,GummyBear-Grape-15oz-Jar,
TT-GummyBears-Assorted,GummyBear-Mango-15oz-Jar,15oz,FALSE,15 oz,,,,,GummyBear-Mango-15oz-Jar,
TT-GummyBears-Assorted,GummyBear-Orange-15oz-Jar,15oz,FALSE,15 oz,,,,,GummyBear-Orange-15oz-Jar,
TT-GummyBears-Assorted,GummyBear-Pineapple-15oz-Jar,15oz,FALSE,15 oz,,,,,GummyBear-Pineapple-15oz-Jar,
TT-GummyBears-Assorted,GummyBear-Strawberry-15oz-Jar,15oz,FALSE,15 oz,,,,,GummyBear-Strawberry-15oz-Jar,
TT-GummyBears-Assorted,GummyBear-Variety-8oz-4pk,4pk|8oz,FALSE,8 oz,,,,,GummyBear-Variety-8oz-4pk,GummyBear-Variety-8oz-4pk
TT-GummyBears-Assorted,GummyBear-Watermelon-15oz-Jar,15oz,FALSE,15 oz,,,,,GummyBear-Watermelon-15oz-Jar,
TT-GummyBears-Assorted,GummyBear-WildCherry-15oz-Jar,15oz,FALSE,15 oz,,,,,GummyBear-WildCherry-15oz-Jar,
TT-GummyBears-Assorted,LtBluLtBlueWater-Bear-16oz-2PK,16oz|2pk,FALSE,16 oz,,,,,LtBluLtBlueWater-Bear-16oz-2PK,
TT-GummyBears-Assorted,LtBlueWater-Bear-16oz-1PK,16oz|1pk,FALSE,16 oz,,,,,LtBlueWater-Bear-16oz-1PK,
TT-GummyBears-Assorted,Mango-Bear-16oz-1PK,16oz|1pk,FALSE,16 oz,,,,,Mango-Bear-16oz-1PK,
TT-GummyBears-Assorted,Orange-Bear-16oz-1PK,16oz|1pk,FALSE,16 oz,,,,,Orange-Bear-16oz-1PK,
TT-GummyBears-Assorted,Pine-Bear-16oz-1PK,16oz|1pk,FALSE,16 oz,,,,,Pine-Bear-16oz-1PK,
TT-GummyBears-Assorted,Pine-Bear-16oz-2PK,16oz|2pk,FALSE,16 oz,,,,,Pine-Bear-16oz-2PK,
TT-GummyBears-Assorted,PinkGrape-Bear-16oz-2PK,16oz|2pk,FALSE,16 oz,,,,,PinkGrape-Bear-16oz-2PK,
TT-GummyBears-Assorted,Strawberry-Bear-16oz-1PK,16oz|1pk,FALSE,16 oz,,,,,Strawberry-Bear-16oz-1PK,
TT-GummyBears-Assorted,Strawberry-Bear-16oz-2PK,16oz|2pk,FALSE,16 oz,,,,,Strawberry-Bear-16oz-2PK,
TT-GummyBears-Assorted,Assorted-Bear-8oz-1pk,1pk|8oz,FALSE,8 oz,,,,,,Assorted-Bear-8oz-1pk
TT-GummyBears-Assorted,GummyBear-Assorted-8oz-1pk,1pk|8oz,FALSE,8 oz,,,,,,GummyBear-Assorted-8oz-1pk
TT-GummyBears-Assorted,Bear-Assorted-15oz-Jar-1pk,15oz|1pk,FALSE,15 oz,,,,,,Bear-Assorted-15oz-Jar-1pk
TT-GummyBears-Assorted,Bear-Assorted-15oz-Jar-2pk,15oz|2pk,FALSE,15 oz,,,,,,Bear-Assorted-15oz-Jar-2pk
TT-GummyBears-Assorted,Bear-Blue-15oz-Jar-2pk,15oz|2pk,FALSE,15 oz,,,,,,Bear-Blue-15oz-Jar-2pk
TT-GummyBears-Assorted,Bear-Cherry-15oz-Jar-2pk,15oz|2pk,FALSE,15 oz,,,,,,Bear-Cherry-15oz-Jar-2pk
TT-GummyBears-Assorted,Bear-Grape-15oz-Jar-2pk,15oz|2pk,FALSE,15 oz,,,,,,Bear-Grape-15oz-Jar-2pk
TT-GummyBears-Assorted,Bear-Grapefruit-15oz-Jar-2pk,15oz|2pk,FALSE,15 oz,,,,,,Bear-Grapefruit-15oz-Jar-2pk
TT-GummyBears-Assorted,Bear-Green-15oz-Jar-2pk,15oz|2pk,FALSE,15 oz,,,,,,Bear-Green-15oz-Jar-2pk
TT-GummyBears-Assorted,Bear-Pineapple-15oz-Jar-2pk,15oz|2pk,FALSE,15 oz,,,,,,Bear-Pineapple-15oz-Jar-2pk
TT-GummyBears-Assorted,Bear-Strawberry-15oz-Jar-2pk,15oz|2pk,FALSE,15 oz,,,,,,Bear-Strawberry-15oz-Jar-2pk
TT-GummyBears-Assorted,Gummy-Bears-Assorted-1lb-1PK,1lb|1pk,FALSE,1 lb,,,,,,Gummy-Bears-Assorted-1lb-1PK
TT-GummyBears-Assorted,Gummy-Bears-Blue-Raspberry-1lb-1PK,1lb|1pk,FALSE,1 lb,,,,,,Gummy-Bears-Blue-Raspberry-1lb-1PK
TT-GummyBears-Assorted,Gummy-Bears-Grape-1lb-1PK,1lb|1pk,FALSE,1 lb,,,,,,Gummy-Bears-Grape-1lb-1PK
TT-GummyBears-Assorted,Gummy-Bears-Light-Blue-Water-1lb-1PK,1lb|1pk,FALSE,1 lb,,,,,,Gummy-Bears-Light-Blue-Water-1lb-1PK
TT-GummyBears-Assorted,Gummy-Bears-Mango-1lb-1PK,1lb|1pk,FALSE,1 lb,,,,,,Gummy-Bears-Mango-1lb-1PK
TT-GummyBears-Assorted,Gummy-Bears-Pineapple-1lb-1PK,1lb|1pk,FALSE,1 lb,,,,,,Gummy-Bears-Pineapple-1lb-1PK
TT-GummyBears-Assorted,Gummy-Bears-Strawberry-1lb-1PK,1lb|1pk,FALSE,1 lb,,,,,,Gummy-Bears-Strawberry-1lb-1PK
TT-GummyBears-Assorted,GummyBear-Fruity-10oz-1PK,10oz|1pk,FALSE,10 oz,,,,,,GummyBear-Fruity-10oz-1PK
TT-GummyBears-Assorted,GummyBear-Fruity-10oz-2PK,10oz|2pk,FALSE,10 oz,,,,,,GummyBear-Fruity-10oz-2PK
TT-GummyBears-Assorted,GummyBear-Pineapple-8oz-1pk,1pk|8oz,FALSE,8 oz,,,,,,GummyBear-Pineapple-8oz-1pk
TT-GummyBears-Assorted,GummyBear-Assorted,,FALSE,,,,,,,
TT-GummyBears-Assorted,GummyBears-Assorted,,FALSE,,,,,,,
TT-GummyBears-Assorted,PROV-67aa9247,,FALSE,,,,,,,
TT-GummyBears-Assorted,PROV-7a5e6b51,,FALSE,,,,,,,
TT-GummyBears-Assorted,PROV-7e63ac72,,FALSE,,,,,,,
TT-GummyBears-Assorted,TT-bears-burst-gummy-parties,,FALSE,,,,,,,
TT-GummyBears-BlueRaspberry,Blue-Bear-16oz-1PK,16oz|1pk,TRUE,16 oz,,,,,Blue-Bear-16oz-1PK,
TT-GummyBears-BlueRaspberry,Blue-Bear-16oz-2PK,16oz|2pk,FALSE,16 oz,,,,,Blue-Bear-16oz-2PK,
TT-GummyBears-BlueRaspberry,Blue-Bear-16oz-5PK,16oz|5pk,FALSE,16 oz,,,,,Blue-Bear-16oz-5PK,
TT-GummyBears-BlueRaspberry,Blue-Bear-8oz,8oz,FALSE,8 oz,,,,,Blue-Bear-8oz,
TT-GummyBears-BlueRaspberry,Blue-Bears-1lb-1PK,1lb|1pk,FALSE,1 lb,,,,,Blue-Bears-1lb-1PK,
TT-GummyBears-BlueRaspberry,Blue-Bears-8oz,8oz,FALSE,8 oz,,,,,Blue-Bears-8oz,
TT-GummyBears-BlueRaspberry,Blue-Bear-8oz-1pk,1pk|8oz,FALSE,8 oz,,,,,,Blue-Bear-8oz-1pk
TT-GummyBears-BlueRaspberry,Bear-Blue-15ozJar-1pk,15oz|1pk,FALSE,15 oz,,,,,,Bear-Blue-15ozJar-1pk
TT-GummyBears-BlueRaspberry,GummyBear-BlueRaspberry,,FALSE,,,,,,,
TT-GummyBears-BlueRaspberry,GummyBears-BlueRaspberry,,FALSE,,,,,,,
TT-GummyBears-ChristmasMix,GummyBear-Christmas,,TRUE,,,,,,,
TT-GummyBears-ChristmasMix,GummyBears-Christmas,,FALSE,,,,,,,
TT-GummyBears-Grape,Grape-Bear-16oz-2PK,16oz|2pk,TRUE,16 oz,,,,,Grape-Bear-16oz-2PK,
TT-GummyBears-Grape,Grape-Bear-8oz,8oz,FALSE,8 oz,,,,,Grape-Bear-8oz,
TT-GummyBears-Grape,Grape-Bears-8oz,8oz,FALSE,8 oz,,,,,Grape-Bears-8oz,
TT-GummyBears-Grape,Grape-Bear-8oz-1pk,1pk|8oz,FALSE,8 oz,,,,,,Grape-Bear-8oz-1pk
TT-GummyBears-Grape,Bear-Grape-15oz Jar-1pk,15oz|1pk,FALSE,15 oz,,,,,,Bear-Grape-15oz Jar-1pk
TT-GummyBears-Grape,GummyBear-Grape,,FALSE,,,,,,,
TT-GummyBears-Grape,GummyBears-Grape,,FALSE,,,,,,,
TT-GummyBears-GreenApple,GreenApple-Bear-8oz-1pk,1pk|8oz,TRUE,8 oz,,,,,,GreenApple-Bear-8oz-1pk
TT-GummyBears-GreenApple,Gummy-Bears-Green-Apple-8oz-1PK,1pk|8oz,FALSE,8 oz,,,,,,Gummy-Bears-Green-Apple-8oz-1PK
TT-GummyBears-GreenApple,GummyBear-GreenApple,,FALSE,,,,,,,
TT-GummyBears-GreenApple,GummyBears-GreenApple,,FALSE,,,,,,,
TT-GummyBears-Mango,Mango-Bear-8oz-1pk,1pk|8oz,TRUE,8 oz,,,,,,Mango-Bear-8oz-1pk
TT-GummyBears-Mango,Bear-Mango-15oz-Jar-1pk,15oz|1pk,FALSE,15 oz,,,,,,Bear-Mango-15oz-Jar-1pk
TT-GummyBears-Mango,GummyBear-Mango-8oz-1pk,1pk|8oz,FALSE,8 oz,,,,,,GummyBear-Mango-8oz-1pk
TT-GummyBears-Mango,GummyBear-Mango,,FALSE,,,,,,,
TT-GummyBears-Mango,GummyBears-Mango,,FALSE,,,,,,,
TT-GummyBears-Mystery,GummyBears-Mystery,,TRUE,,,,,,,
TT-GummyBears-Orange,Orange-Bear-8oz-1pk,1pk|8oz,TRUE,8 oz,,,,,,Orange-Bear-8oz-1pk
TT-GummyBears-Orange,Bear-Orange-15oz-Jar-1pk,15oz|1pk,FALSE,15 oz,,,,,,Bear-Orange-15oz-Jar-1pk
TT-GummyBears-Orange,GummyBear-Orange,,FALSE,,,,,,,
TT-GummyBears-Orange,GummyBears-Orange,,FALSE,,,,,,,
TT-GummyBears-Peach,Peace-Bear-8oz-1pk,1pk|8oz,TRUE,8 oz,,,,,,Peace-Bear-8oz-1pk
TT-GummyBears-Peach,GummyBear-Peace,,FALSE,,,,,,,
TT-GummyBears-Pineapple,Pine-Bear-16oz-1PK,16oz|1pk,TRUE,16 oz,,,,,Pine-Bear-16oz-1PK,
TT-GummyBears-Pineapple,Pine-Bear-8oz,8oz,FALSE,8 oz,,,,,Pine-Bear-8oz,
TT-GummyBears-Pineapple,Pine-Bear-8oz-1pk,1pk|8oz,FALSE,8 oz,,,,,,Pine-Bear-8oz-1pk
TT-GummyBears-Pineapple,Bear-Pineapple-15oz-Jar-1pk,15oz|1pk,FALSE,15 oz,,,,,,Bear-Pineapple-15oz-Jar-1pk
TT-GummyBears-Pineapple,GummyBear-Pineapple,,FALSE,,,,,,,
TT-GummyBears-Pineapple,GummyBears-Pineapple,,FALSE,,,,,,,
TT-GummyBears-PinkGrapefruit,PinkGrape-Bear-8oz-1pk,1pk|8oz,TRUE,8 oz,,,,,,PinkGrape-Bear-8oz-1pk
TT-GummyBears-PinkGrapefruit,Bear-Grapefruit-15oz-Jar-1pk,15oz|1pk,FALSE,15 oz,,,,,,Bear-Grapefruit-15oz-Jar-1pk
TT-GummyBears-PinkGrapefruit,GummyBear-PinkGrapefruit,,FALSE,,,,,,,
TT-GummyBears-PinkGrapefruit,GummyBears-PinkGrapefruit,,FALSE,,,,,,,
TT-GummyBears-Sour,Sour-Bear-8oz-1pk,1pk|8oz,TRUE,8 oz,,,,,,Sour-Bear-8oz-1pk
TT-GummyBears-Sour,GummyBear-Sour-8oz-1PK,1pk|8oz,FALSE,8 oz,,,,,,GummyBear-Sour-8oz-1PK
TT-GummyBears-Sour,GummyBear-Sour-8oz-2PK,2pk|8oz,FALSE,8 oz,,,,,,GummyBear-Sour-8oz-2PK
TT-GummyBears-Sour,GummyBear-Sour,,FALSE,,,,,,,
TT-GummyBears-Sour,GummyBears-Sour,,FALSE,,,,,,,
TT-GummyBears-SpicyChamoy,SpicyGummyBears-1lb,1lb,TRUE,1 lb,,,,,SpicyGummyBears-1lb,
TT-GummyBears-SpicyChamoy,SpicyGummyBears-8oz,8oz,FALSE,8 oz,,,,,SpicyGummyBears-8oz,
TT-GummyBears-SpicyChamoy,SpicyGummyBears-8oz-1PK,1pk|8oz,FALSE,8 oz,,,,,SpicyGummyBears-8oz-1PK,
TT-GummyBears-SpicyChamoy,SpicyGummyBears-8oz-2PK,2pk|8oz,FALSE,8 oz,,,,,SpicyGummyBears-8oz-2PK,
TT-GummyBears-SpicyChamoy,TT-bears-chamoy-gummy-spicy,,FALSE,,,,,,,
TT-GummyBears-Strawberry,Strawberry-Bear-8oz,8oz,TRUE,8 oz,,,,,Strawberry-Bear-8oz,
TT-GummyBears-Strawberry,Strawberry-Bears-8oz,8oz,FALSE,8 oz,,,,,Strawberry-Bears-8oz,
TT-GummyBears-Strawberry,Strawberry-Bear-8oz-1pk,1pk|8oz,FALSE,8 oz,,,,,,Strawberry-Bear-8oz-1pk
TT-GummyBears-Strawberry,Bear-Strawberry-15oz-Jar-1-pk,15oz,FALSE,15 oz,,,,,,Bear-Strawberry-15oz-Jar-1-pk
TT-GummyBears-Strawberry,GummyBear-Strawberry,,FALSE,,,,,,,
TT-GummyBears-Strawberry,GummyBears-Strawberry,,FALSE,,,,,,,
TT-GummyBears-ValentineMix,GummyBear-ValentineBear-8oz-1pk,1pk|8oz,TRUE,8 oz,,,,,,GummyBear-ValentineBear-8oz-1pk
TT-GummyBears-ValentineMix,GummyBear-Valentine,,FALSE,,,,,,,
TT-GummyBears-ValentineMix,GummyBears-ValentinesDay,,FALSE,,,,,,,
TT-GummyBears-Watermelon,LtBlueWater-Bear-8oz,8oz,TRUE,8 oz,,,,,LtBlueWater-Bear-8oz,
TT-GummyBears-Watermelon,LtBlueWater-Bears-1lb-1PK,1lb|1pk,FALSE,1 lb,,,,,LtBlueWater-Bears-1lb-1PK,
TT-GummyBears-Watermelon,LtBlueWater-Bears-8oz,8oz,FALSE,8 oz,,,,,LtBlueWater-Bears-8oz,
TT-GummyBears-Watermelon,LtBlueWater-Bear-8oz-1pk,1pk|8oz,FALSE,8 oz,,,,,,LtBlueWater-Bear-8oz-1pk
TT-GummyBears-Watermelon,Bear-Green-15oz-Jar-1pk,15oz|1pk,FALSE,15 oz,,,,,,Bear-Green-15oz-Jar-1pk
TT-GummyBears-Watermelon,GummyBear-LightBlueWatermelon,,FALSE,,,,,,,
TT-GummyBears-Watermelon,GummyBears-Watermelon,,FALSE,,,,,,,
TT-GummyBears-WildCherry,Cherry-Bear-8oz,8oz,TRUE,8 oz,,,,,Cherry-Bear-8oz,
TT-GummyBears-WildCherry,WildCherry-Bear-1lb-2PK,1lb|2pk,FALSE,1 lb,,,,,WildCherry-Bear-1lb-2PK,
TT-GummyBears-WildCherry,WildCherry-Bear-8oz,8oz,FALSE,8 oz,,,,,WildCherry-Bear-8oz,
TT-GummyBears-WildCherry,Cherry-Bear-8oz-1pk,1pk|8oz,FALSE,8 oz,,,,,,Cherry-Bear-8oz-1pk
TT-GummyBears-WildCherry,Bear-Cherry-15oz-Jar-1pk,15oz|1pk,FALSE,15 oz,,,,,,Bear-Cherry-15oz-Jar-1pk
TT-GummyBears-WildCherry,GummyBear-WildCherry,,FALSE,,,,,,,
TT-GummyBears-WildCherry,GummyBears-WildCherry,,FALSE,,,,,,,
TT-GummyBodyParts-Original,BodyParts-Gummy-8oz-2pk,2pk|8oz,TRUE,8 oz,,,,,BodyParts-Gummy-8oz-2pk,
TT-GummyBodyParts-Original,BodyPartsGummy,,FALSE,,,,,,,
TT-GummyButterflies-Assorted,Gummy-Butterflies,,TRUE,,,,,,,
TT-GummyButtons-SourPeach,Gummi-SourPeachButtons,,TRUE,,,,,,,
TT-GummyChickenFeet-Original,ChickFeet-8oz-2Pk,2pk|8oz,TRUE,8 oz,,,,,ChickFeet-8oz-2Pk,
TT-GummyChickenFeet-Original,Gummi-ChickenFeet,,FALSE,,,,,,,
TT-GummyColaBottles-Original,ColaBottle-8oz-1Pk,1pk|8oz,TRUE,8 oz,,,,,,ColaBottle-8oz-1Pk
TT-GummyColaBottles-Original,ColaBottle-8oz-2Pk,2pk|8oz,FALSE,8 oz,,,,,,ColaBottle-8oz-2Pk
TT-GummyColaBottles-Original,Gummy-ColaBottles,,FALSE,,,,,,,
TT-GummyFriedEggs-Original,Gummi-FriedEgg,,TRUE,,,,,,,
TT-GummyLips-Sour,Gummy-SourLips,,TRUE,,,,,,,
TT-GummyMix-AppleOrchard,AppleOrchard-8oz-1pk,1pk|8oz,TRUE,8 oz,,,,,AppleOrchard-8oz-1pk,AppleOrchard-8oz-1pk
TT-GummyMix-AppleOrchard,AppleOrchard-8oz-2pk,2pk|8oz,FALSE,8 oz,,,,,AppleOrchard-8oz-2pk,
TT-GummyMix-AppleOrchard,TT-apple-gummi-gummies-orchard,,FALSE,,,,,,,
TT-GummyMix-Gingerbread,JollyGingerbread-8oz-1PK,1pk|8oz,TRUE,8 oz,,,,,JollyGingerbread-8oz-1PK,
TT-GummyMix-Gingerbread,TT-christmas-gingerbread-gummies-gummy,,FALSE,,,,,,,
TT-GummyMix-Halloween,TT-gummi-gummies-halloween-spooktacular,,TRUE,,,,,,,
TT-GummyMix-HalloweenPumpkins,Pumpkins-8oz-2PK,2pk|8oz,TRUE,8 oz,,,,,Pumpkins-8oz-2PK,
TT-GummyMix-HalloweenPumpkins,TT-fall-gummy-halloween-lantern,,FALSE,,,,,,,
TT-GummyMix-SpicyChamoyMango,Chamoy-PeachRings-4oz,4oz,TRUE,4 oz,,,,,Chamoy-PeachRings-4oz,
TT-GummyMix-SpicyChamoyMango,SpicyMango-8oz-2PK,2pk|8oz,FALSE,8 oz,,,,,SpicyMango-8oz-2PK,
TT-GummyMix-SpicyChamoyMango,TT-chamoy-gummies-gummy-mango,,FALSE,,,,,,,
TT-GummyMix-StrawberryCream,StrawCreamGummy-8oz-1pk,1pk|8oz,TRUE,8 oz,,,,,,StrawCreamGummy-8oz-1pk
TT-GummyMix-StrawberryCream,TT-cream-gummy-juicy-strawberry,,FALSE,,,,,,,
TT-GummyMonsterMix-Assorted,MonsterGummy-8oz-1PK,1pk|8oz,TRUE,8 oz,,,,,MonsterGummy-8oz-1PK,
TT-GummyMonsterMix-Assorted,Gummi-MonsterMix,,FALSE,,,,,,,
TT-GummyMonsterMix-Assorted,GummiMonsterMix-Assorted,,FALSE,,,,,,,
TT-GummyRaspberries-Original,Gummi-RedRaspberries,,TRUE,,,,,,,
TT-GummyRattlesnakes-Original,Giant-Snake-Gummi-8oz-1pk,1pk|8oz,TRUE,8 oz,,,,,Giant-Snake-Gummi-8oz-1pk,
TT-GummyRattlesnakes-Original,Giant-Snake-Gummi-8oz-4pk,4pk|8oz,FALSE,8 oz,,,,,Giant-Snake-Gummi-8oz-4pk,
TT-GummyRattlesnakes-Original,Giant-Snake-Gummi-8oz-2pk,2pk|8oz,FALSE,8 oz,,,,,,Giant-Snake-Gummi-8oz-2pk
TT-GummyRattlesnakes-Original,GiantGummi-Rattlesnake,,FALSE,,,,,,,
TT-GummyRings-Assorted,GummyRings-Assorted,,TRUE,,,,,,,
TT-GummyRings-BlueRaspberry,GummyRings-Blue-16oz-1pk,16oz|1pk,TRUE,16 oz,,,,,GummyRings-Blue-16oz-1pk,
TT-GummyRings-BlueRaspberry,GummyRings-Blue-8oz-1pk,1pk|8oz,FALSE,8 oz,,,,,GummyRings-Blue-8oz-1pk,GummyRings-Blue-8oz-1pk
TT-GummyRings-BlueRaspberry,GummyRings-BlueRaspberry,,FALSE,,,,,,,
TT-GummyRings-Cherry,GummyRings-Cherry-16oz-1pk,16oz|1pk,TRUE,16 oz,,,,,GummyRings-Cherry-16oz-1pk,
TT-GummyRings-Cherry,GummyRings-Cherry-8oz-1pk,1pk|8oz,FALSE,8 oz,,,,,GummyRings-Cherry-8oz-1pk,
TT-GummyRings-Cherry,GummyRings-Cherry,,FALSE,,,,,,,
TT-GummyRings-GreenApple,GummyRings-Apple-16oz-1pk,16oz|1pk,TRUE,16 oz,,,,,GummyRings-Apple-16oz-1pk,
TT-GummyRings-GreenApple,GummyRings-Apple-8oz-1pk,1pk|8oz,FALSE,8 oz,,,,,GummyRings-Apple-8oz-1pk,
TT-GummyRings-GreenApple,GummyRings-Apple-4oz-2pk,2pk|4oz,FALSE,4 oz,,,,,,GummyRings-Apple-4oz-2pk
TT-GummyRings-GreenApple,GummyRings-GreenApple,,FALSE,,,,,,,
TT-GummyRings-Peach,GummyRings-Peach-16oz-1pk,16oz|1pk,TRUE,16 oz,,,,,GummyRings-Peach-16oz-1pk,
TT-GummyRings-Peach,GummyRings-Peach-8oz-1pk,1pk|8oz,FALSE,8 oz,,,,,GummyRings-Peach-8oz-1pk,
TT-GummyRings-Peach,GummyRings-Peach,,FALSE,,,,,,,
TT-GummyRings-Pineapple,GummyRings-Pineapp-16oz-1pk,16oz|1pk,TRUE,16 oz,,,,,GummyRings-Pineapp-16oz-1pk,
TT-GummyRings-Pineapple,GummyRing-PineApple-8oz-1PK,1pk|8oz,FALSE,8 oz,,,,,GummyRing-PineApple-8oz-1PK,
TT-GummyRings-Pineapple,GummyRing-PineApple-8oz-2PK,2pk|8oz,FALSE,8 oz,,,,,GummyRing-PineApple-8oz-2PK,
TT-GummyRings-Pineapple,GummyRings-Pineapp-8oz-1pk,1pk|8oz,FALSE,8 oz,,,,,,GummyRings-Pineapp-8oz-1pk
TT-GummyRings-Pineapple,GummyRings-Pineapple,,FALSE,,,,,,,
TT-GummyRings-Pineapple,TT-bonbon-gummy-pineapple-rings,,FALSE,,,,,,,
TT-GummyRings-StrawberryBanana,GummyRings-StrawBan-16oz-1pk,16oz|1pk,TRUE,16 oz,,,,,GummyRings-StrawBan-16oz-1pk,
TT-GummyRings-StrawberryBanana,GummyRings-StrawBan-8oz-1pk,1pk|8oz,FALSE,8 oz,,,,,GummyRings-StrawBan-8oz-1pk,
TT-GummyRings-StrawberryBanana,GummyRings-StrawBan-4oz-1pk,1pk|4oz,FALSE,4 oz,,,,,,GummyRings-StrawBan-4oz-1pk
TT-GummyRings-StrawberryBanana,GummyRings-StrawberryBanana,,FALSE,,,,,,,
TT-GummyRings-Watermelon,GummyRings-Watermln-16oz-1pk,16oz|1pk,TRUE,16 oz,,,,,GummyRings-Watermln-16oz-1pk,
TT-GummyRings-Watermelon,GummyRings-Watermln-8oz-1pk,1pk|8oz,FALSE,8 oz,,,,,GummyRings-Watermln-8oz-1pk,
TT-GummyRings-Watermelon,GummyRings-Watermln-4oz-3pk,3pk|4oz,FALSE,4 oz,,,,,,GummyRings-Watermln-4oz-3pk
TT-GummyRings-Watermelon,GummyRings-Watermelon,,FALSE,,,,,,,
TT-GummySharks-Original,BlueShark-8oz-1PK,1pk|8oz,TRUE,8 oz,,,,,BlueShark-8oz-1PK,
TT-GummySharks-Original,Gummy-Shark-8oz,8oz,FALSE,8 oz,,,,,Gummy-Shark-8oz,
TT-GummySharks-Original,Gummy-Shark-8oz-2pk,2pk|8oz,FALSE,8 oz,,,,,Gummy-Shark-8oz-2pk,
TT-GummySharks-Original,Gummy-Shark-8oz-4pk,4pk|8oz,FALSE,8 oz,,,,,Gummy-Shark-8oz-4pk,
TT-GummySharks-Original,Blue-GummyShark-8oz-1PK,1pk|8oz,FALSE,8 oz,,,,,,Blue-GummyShark-8oz-1PK
TT-GummySharks-Original,Blue-GummyShark-8oz-2PK,2pk|8oz,FALSE,8 oz,,,,,,Blue-GummyShark-8oz-2PK
TT-GummySharks-Original,Gummy-Shark-8oz-1pk,1pk|8oz,FALSE,8 oz,,,,,,Gummy-Shark-8oz-1pk
TT-GummySharks-Original,Gummy-Shark,,FALSE,,,,,,,
TT-GummySnowflakes-Assorted,GummiSnowflakes,,TRUE,,,,,,,
TT-GummyStrawberriesCream-Original,Gummy-StrawberryCream,,TRUE,,,,,,,
TT-GummyTeeth-Original,TeethGummy-8oz-1Pk,1pk|8oz,TRUE,8 oz,,,,,TeethGummy-8oz-1Pk,TeethGummy-8oz-1Pk
TT-GummyTeeth-Original,Gummi-Teeth,,FALSE,,,,,,,
TT-GummyTeeth-Original,Gummy-Teeth,,FALSE,,,,,,,
TT-GummyUnicorns-Assorted,UnicornGummy-8oz-1pk,1pk|8oz,TRUE,8 oz,,,,,,UnicornGummy-8oz-1pk
TT-GummyUnicorns-Assorted,GummyUnicorn-Assorted,,FALSE,,,,,,,
TT-GummyWorms-Assorted,GummiWorms-Mini,,TRUE,,,,,,,
TT-GummyWorms-NeonSour,NeonGummyWorm-8oz-1pk,1pk|8oz,TRUE,8 oz,,,,,NeonGummyWorm-8oz-1pk,
TT-GummyWorms-NeonSour,NeonGummyWorm-8oz-2pk,2pk|8oz,FALSE,8 oz,,,,,NeonGummyWorm-8oz-2pk,
TT-GummyWorms-NeonSour,GummiWorms-NeonSour,,FALSE,,,,,,,
TT-GummyWormsSugarFree-Assorted,SugarFree-Worms-8oz-1pk,1pk|8oz,TRUE,8 oz,,,SugarFree-Worms-8oz-1pk,,SugarFree-Worms-8oz-1pk,
TT-GummyWormsSugarFree-Assorted,SugarFree-Worms-8oz-1pk-rev1,1pk|8oz,FALSE,8 oz,,,SugarFree-Worms-8oz-1pk-rev1,,,
TT-GummyWormsSugarFree-Assorted,SugarFree-Worms-8oz-2pk-rev1,2pk|8oz,FALSE,8 oz,,,SugarFree-Worms-8oz-2pk-rev1,,,
TT-GummyWormsSugarFree-Assorted,SugarFree-Worms-8oz-4pk,4pk|8oz,FALSE,8 oz,,,SugarFree-Worms-8oz-4pk,,,
TT-GummyWormsSugarFree-Assorted,SugarFree-Worms-8oz-4pk-rev1,4pk|8oz,FALSE,8 oz,,,SugarFree-Worms-8oz-4pk-rev1,,,
TT-GummyWormsSugarFree-Assorted,SugarFree-Worms-8oz-2pk,2pk|8oz,FALSE,8 oz,,,,,SugarFree-Worms-8oz-2pk,
TT-Gushers-Assorted,Gushers-Trio-4oz-3pk,3pk|4oz,TRUE,4 oz,,,,,,Gushers-Trio-4oz-3pk
TT-Gushers-Assorted,Bundle-GushersTrio,,FALSE,,,,,,,
TT-Gushers-Assorted,PROV-982a6e6f,,FALSE,,,,,,,
TT-Gushers-BlueRaspberry,Blue-Gusher-4oz-1pk-rev1,1pk|4oz,TRUE,4 oz,,,,,,Blue-Gusher-4oz-1pk-rev1
TT-Gushers-BlueRaspberry,Gushers-BlueRaspberry,,FALSE,,,,,,,
TT-Gushers-ChamoyTajin,Chamoy-Gusher-4oz-1pk-rev1,1pk|4oz,TRUE,4 oz,,,,,,Chamoy-Gusher-4oz-1pk-rev1
TT-Gushers-ChamoyTajin,Gushers-ChamoyTajin,,FALSE,,,,,,,
TT-Gushers-CottonCandy,CottonCand-Gushers-4oz-1pk,1pk|4oz,TRUE,4 oz,,,,,,CottonCand-Gushers-4oz-1pk
TT-Gushers-CottonCandy,CottonCand-Gushers-4oz-1pk-rev1,1pk|4oz,FALSE,4 oz,,,,,,CottonCand-Gushers-4oz-1pk-rev1
TT-Gushers-CottonCandy,Gushers-CottonCandy,,FALSE,,,,,,,
TT-Gushers-CottonCandy,SourGushers-CottonCandy,,FALSE,,,,,,,
TT-Gushers-SourBlueRaspberry,Blue-Gusher-8oz-2pk,2pk|8oz,TRUE,8 oz,,,Blue-Gusher-8oz-2pk,Blue-Gusher-8oz-2pk,Blue-Gusher-8oz-2pk,
TT-Gushers-SourBlueRaspberry,Blue-Gusher-8oz,8oz,FALSE,8 oz,,,,Blue-Gusher-8oz,,
TT-Gushers-SourBlueRaspberry,Blue-Gusher-8oz-1PK,1pk|8oz,FALSE,8 oz,,,,,Blue-Gusher-8oz-1PK,
TT-Gushers-SourBlueRaspberry,Blue-Gusher-8oz-1PK-EXTRA,1pk|8oz,FALSE,8 oz,,,,,Blue-Gusher-8oz-1PK-EXTRA,
TT-Gushers-SourBlueRaspberry,Blue-Gusher-8oz-2PK-EXTRA,2pk|8oz,FALSE,8 oz,,,,,Blue-Gusher-8oz-2PK-EXTRA,
TT-Gushers-SourBlueRaspberry,Blue-Gusher-8oz-EXTRA-1pk,1pk|8oz,FALSE,8 oz,,,,,Blue-Gusher-8oz-EXTRA-1pk,
TT-Gushers-SourBlueRaspberry,Blue-Gusher-8oz-EXTRA-2PK,2pk|8oz,FALSE,8 oz,,,,,Blue-Gusher-8oz-EXTRA-2PK,
TT-Gushers-SourBlueRaspberry,Chamoy-Gusher-8oz,8oz,FALSE,8 oz,,,,,Chamoy-Gusher-8oz,
TT-Gushers-SourBlueRaspberry,Chamoy-Gusher-8oz-1pk,1pk|8oz,FALSE,8 oz,,,,,Chamoy-Gusher-8oz-1pk,
TT-Gushers-SourBlueRaspberry,Chamoy-Gusher-8oz-2PK,2pk|8oz,FALSE,8 oz,,,,,Chamoy-Gusher-8oz-2PK,
TT-Gushers-SourBlueRaspberry,Chamoy-Gusher-8oz-2PK-EXTRA,2pk|8oz,FALSE,8 oz,,,,,Chamoy-Gusher-8oz-2PK-EXTRA,
TT-Gushers-SourBlueRaspberry,Chamoy-Gusher-8oz-EXTRA,8oz,FALSE,8 oz,,,,,Chamoy-Gusher-8oz-EXTRA,
TT-Gushers-SourBlueRaspberry,Chamoy-Gusher-8oz-EXTRA-1pk,1pk|8oz,FALSE,8 oz,,,,,Chamoy-Gusher-8oz-EXTRA-1pk,
TT-Gushers-SourBlueRaspberry,Chamoy-Gusher-8oz-EXTRA-2PK,2pk|8oz,FALSE,8 oz,,,,,Chamoy-Gusher-8oz-EXTRA-2PK,
TT-Gushers-SourBlueRaspberry,Cherry-Gushers-8oz-1PK,1pk|8oz,FALSE,8 oz,,,,,Cherry-Gushers-8oz-1PK,
TT-Gushers-SourBlueRaspberry,Cherry-Gushers-8oz-1PK-EXTRA,1pk|8oz,FALSE,8 oz,,,,,Cherry-Gushers-8oz-1PK-EXTRA,
TT-Gushers-SourBlueRaspberry,Cherry-Gushers-8oz-2PK,2pk|8oz,FALSE,8 oz,,,,,Cherry-Gushers-8oz-2PK,
TT-Gushers-SourBlueRaspberry,Cherry-Gushers-8oz-2PK-EXTRA,2pk|8oz,FALSE,8 oz,,,,,Cherry-Gushers-8oz-2PK-EXTRA,
TT-Gushers-SourBlueRaspberry,Cherry-Gushers-8oz-EXTRA-1PK,1pk|8oz,FALSE,8 oz,,,,,Cherry-Gushers-8oz-EXTRA-1PK,
TT-Gushers-SourBlueRaspberry,Cherry-Gushers-8oz-EXTRA-2PK,2pk|8oz,FALSE,8 oz,,,,,Cherry-Gushers-8oz-EXTRA-2PK,
TT-Gushers-SourBlueRaspberry,GooeyGumm-SourBlue-20oz,20oz,FALSE,20 oz,,,,,GooeyGumm-SourBlue-20oz,
TT-Gushers-SourBlueRaspberry,GooeyGumm-SourBlue-9oz,9oz,FALSE,9 oz,,,,,GooeyGumm-SourBlue-9oz,
TT-Gushers-SourBlueRaspberry,GooeyGushers-SourBlue-20oz,20oz,FALSE,20 oz,,,,,GooeyGushers-SourBlue-20oz,GooeyGushers-SourBlue-20oz
TT-Gushers-SourBlueRaspberry,GooeyGushers-SourBlue-9oz,9oz,FALSE,9 oz,,,,,GooeyGushers-SourBlue-9oz,GooeyGushers-SourBlue-9oz
TT-Gushers-SourBlueRaspberry,GooeyGushers-Blue-20oz,20oz,FALSE,20 oz,,,,,GooeyGushers-Blue-20oz,
TT-Gushers-SourBlueRaspberry,GooeyGushers-Blue-9oz,9oz,FALSE,9 oz,,,,,GooeyGushers-Blue-9oz,
TT-Gushers-SourBlueRaspberry,GooeyGushers-Blue-Powd-20oz,20oz,FALSE,20 oz,,,,,GooeyGushers-Blue-Powd-20oz,
TT-Gushers-SourBlueRaspberry,GooeyGushers-Blue-Powd-9oz,9oz,FALSE,9 oz,,,,,GooeyGushers-Blue-Powd-9oz,
TT-Gushers-SourBlueRaspberry,GooeyGumm-Blue-20oz,20oz,FALSE,20 oz,,,,,GooeyGumm-Blue-20oz,GooeyGumm-Blue-20oz
TT-Gushers-SourBlueRaspberry,GooeyGumm-Blue-9oz,9oz,FALSE,9 oz,,,,,GooeyGumm-Blue-9oz,GooeyGumm-Blue-9oz
TT-Gushers-SourBlueRaspberry,GooeyGushers-Cherry-20oz,20oz,FALSE,20 oz,,,,,GooeyGushers-Cherry-20oz,
TT-Gushers-SourBlueRaspberry,GooeyGushers-Cherry-9oz,9oz,FALSE,9 oz,,,,,GooeyGushers-Cherry-9oz,
TT-Gushers-SourBlueRaspberry,GooeyGushers-Cherry-Powd-20oz,20oz,FALSE,20 oz,,,,,GooeyGushers-Cherry-Powd-20oz,
TT-Gushers-SourBlueRaspberry,GooeyGushers-Cherry-Powd-9oz,9oz,FALSE,9 oz,,,,,GooeyGushers-Cherry-Powd-9oz,
TT-Gushers-SourBlueRaspberry,GooeyGushers-SourCherry-20oz,20oz,FALSE,20 oz,,,,,GooeyGushers-SourCherry-20oz,
TT-Gushers-SourBlueRaspberry,GooeyGushers-SourCherry-9oz,9oz,FALSE,9 oz,,,,,GooeyGushers-SourCherry-9oz,
TT-Gushers-SourBlueRaspberry,GooeyGushers-SourGApple-20oz,20oz,FALSE,20 oz,,,,,GooeyGushers-SourGApple-20oz,
TT-Gushers-SourBlueRaspberry,GooeyGushers-SourWater-20oz,20oz,FALSE,20 oz,,,,,GooeyGushers-SourWater-20oz,
TT-Gushers-SourBlueRaspberry,GooeyGushers-SourWater-9oz,9oz,FALSE,9 oz,,,,,GooeyGushers-SourWater-9oz,
TT-Gushers-SourBlueRaspberry,GooeyGushers-SweetBlue-20oz,20oz,FALSE,20 oz,,,,,GooeyGushers-SweetBlue-20oz,
TT-Gushers-SourBlueRaspberry,GooeyGushers-SweetBlue-9oz,9oz,FALSE,9 oz,,,,,GooeyGushers-SweetBlue-9oz,
TT-Gushers-SourBlueRaspberry,GooeyGushers-SweetCherry-20oz,20oz,FALSE,20 oz,,,,,GooeyGushers-SweetCherry-20oz,
TT-Gushers-SourBlueRaspberry,GooeyGushers-SweetCherry-9oz,9oz,FALSE,9 oz,,,,,GooeyGushers-SweetCherry-9oz,
TT-Gushers-SourBlueRaspberry,GooeyGushers-SweetWater-20oz,20oz,FALSE,20 oz,,,,,GooeyGushers-SweetWater-20oz,
TT-Gushers-SourBlueRaspberry,GooeyGushers-SweetWater-9oz,9oz,FALSE,9 oz,,,,,GooeyGushers-SweetWater-9oz,
TT-Gushers-SourBlueRaspberry,GooeyGushers-Water-Powd-9oz,9oz,FALSE,9 oz,,,,,GooeyGushers-Water-Powd-9oz,
TT-Gushers-SourBlueRaspberry,GooeyGushers-Water-Water-9oz,9oz,FALSE,9 oz,,,,,GooeyGushers-Water-Water-9oz,
TT-Gushers-SourBlueRaspberry,Blue-Gusher-4oz-1pk-sb,1pk|4oz,FALSE,4 oz,,,,,,Blue-Gusher-4oz-1pk-sb
TT-Gushers-SourBlueRaspberry,Blue-Gusher-8oz-1pk-rev2,1pk|8oz,FALSE,8 oz,,,,,,Blue-Gusher-8oz-1pk-rev2
TT-Gushers-SourBlueRaspberry,BlueRasp-GummyTrio-8oz-3pk,3pk|8oz,FALSE,8 oz,,,,,,BlueRasp-GummyTrio-8oz-3pk
TT-Gushers-SourBlueRaspberry,GooeyGumm-Cher-20oz,20oz,FALSE,20 oz,,,,,,GooeyGumm-Cher-20oz
TT-Gushers-SourBlueRaspberry,GooeyGumm-Cher-9oz,9oz,FALSE,9 oz,,,,,,GooeyGumm-Cher-9oz
TT-Gushers-SourBlueRaspberry,GooeyGumm-GrnApp-9oz,9oz,FALSE,9 oz,,,,,,GooeyGumm-GrnApp-9oz
TT-Gushers-SourBlueRaspberry,GooeyGushers-SourBlue-20oz-rev1,20oz,FALSE,20 oz,,,,,,GooeyGushers-SourBlue-20oz-rev1
TT-Gushers-SourBlueRaspberry,GooeyGushers-SourBlue-9oz-rev1,9oz,FALSE,9 oz,,,,,,GooeyGushers-SourBlue-9oz-rev1
TT-Gushers-SourBlueRaspberry,GooeyGummies-SourBlueRaspberry,,FALSE,,,,,,,
TT-Gushers-SourBlueRaspberry,GooeyGusher-BlueRaspberry,,FALSE,,,,,,,
TT-Gushers-SourBlueRaspberry,TT-blue-exotic-gooey-gummies,,FALSE,,,,,,,
TT-Gushers-SourCherry,GooeyGumm-SourCherry-20oz,20oz,TRUE,20 oz,,,,,GooeyGumm-SourCherry-20oz,GooeyGumm-SourCherry-20oz
TT-Gushers-SourCherry,GooeyGumm-SourCherry-9oz,9oz,FALSE,9 oz,,,,,GooeyGumm-SourCherry-9oz,GooeyGumm-SourCherry-9oz
TT-Gushers-SourCherry,GooeyGushers-SourCherry-9oz-rev1,9oz,FALSE,9 oz,,,,,,GooeyGushers-SourCherry-9oz-rev1
TT-Gushers-SourCherry,GooeyGummies-SourCherry,,FALSE,,,,,,,
TT-Gushers-SourCherry,GooeyGushers-SourCherry,,FALSE,,,,,,,
TT-Gushers-SourGrape,GooeyGushers-SourGrape-9oz,9oz,TRUE,9 oz,,,,,,GooeyGushers-SourGrape-9oz
TT-Gushers-SourGrape,GooeyGummies-SourGrape,,FALSE,,,,,,,
TT-Gushers-SourGrape,GooeyGushers-SourGrape,,FALSE,,,,,,,
TT-Gushers-SourGreenApple,GooeyGushers-SourGApple-20oz-rev1,20oz,TRUE,20 oz,,,,,,GooeyGushers-SourGApple-20oz-rev1
TT-Gushers-SourGreenApple,GooeyGummies-SourGreenApple,,FALSE,,,,,,,
TT-Gushers-SourGreenApple,GooeyGushers-SourGreenApple,,FALSE,,,,,,,
TT-Gushers-SourOrange,GooeyGummies-SourOrange,,TRUE,,,,,,,
TT-Gushers-SourOrange,GooeyGushers-SourOrange,,FALSE,,,,,,,
TT-Gushers-SourWatermelon,GooeyGumm-SourWater-20oz,20oz,TRUE,20 oz,,,,,GooeyGumm-SourWater-20oz,
TT-Gushers-SourWatermelon,GooeyGumm-SourWater-9oz,9oz,FALSE,9 oz,,,,,GooeyGumm-SourWater-9oz,
TT-Gushers-SourWatermelon,GooeyGushers-SourWater-9oz,9oz,FALSE,9 oz,,,,,GooeyGushers-SourWater-9oz,
TT-Gushers-SourWatermelon,GooeyGushers-SourWater-20oz,20oz,FALSE,20 oz,,,,,,GooeyGushers-SourWater-20oz
TT-Gushers-SourWatermelon,GooeyGushers-SourWater-20oz-rev1,20oz,FALSE,20 oz,,,,,,GooeyGushers-SourWater-20oz-rev1
TT-Gushers-SourWatermelon,GooeyGummies-SourWatermelon,,FALSE,,,,,,,
TT-Gushers-SourWatermelon,GooeyGushers-SourWatermelon,,FALSE,,,,,,,
TT-Gushers-SourWildCherry,Cherry-Gusher-4oz-1pk,1pk|4oz,TRUE,4 oz,,,Cherry-Gusher-4oz-1pk,,,
TT-Gushers-SourWildCherry,Cherry-Gushers-4oz-1PK,1pk|4oz,FALSE,4 oz,,,,,Cherry-Gushers-4oz-1PK,Cherry-Gushers-4oz-1PK
TT-Gushers-SourWildCherry,Cherry-Gushers-8oz-1PK,1pk|8oz,FALSE,8 oz,,,,,Cherry-Gushers-8oz-1PK,
TT-Gushers-SourWildCherry,CherryPowder-Gushers-1lb-1PK,1lb|1pk,FALSE,1 lb,,,,,CherryPowder-Gushers-1lb-1PK,
TT-Gushers-SweetBlueRaspberry,GooeyGumm-SweetBlue-20oz,20oz,TRUE,20 oz,,,,,GooeyGumm-SweetBlue-20oz,
TT-Gushers-SweetBlueRaspberry,GooeyGumm-SweetBlue-9oz,9oz,FALSE,9 oz,,,,,GooeyGumm-SweetBlue-9oz,
TT-Gushers-SweetBlueRaspberry,GooeyGushers-SweetBlue-20oz,20oz,FALSE,20 oz,,,,,GooeyGushers-SweetBlue-20oz,GooeyGushers-SweetBlue-20oz
TT-Gushers-SweetBlueRaspberry,GooeyGushers-SweetBlue-9oz,9oz,FALSE,9 oz,,,,,GooeyGushers-SweetBlue-9oz,
TT-Gushers-SweetBlueRaspberry,GooeyGushers-SweetBlue-20oz-rev1,20oz,FALSE,20 oz,,,,,,GooeyGushers-SweetBlue-20oz-rev1
TT-Gushers-SweetBlueRaspberry,GooeyGummies-SweetBlueRaspberry,,FALSE,,,,,,,
TT-Gushers-SweetBlueRaspberry,GooeyGushers-SweetBlueRaspberry,,FALSE,,,,,,,
TT-Gushers-SweetCherry,GooeyGumm-SweetCherry-9oz,9oz,TRUE,9 oz,,,,,GooeyGumm-SweetCherry-9oz,
TT-Gushers-SweetCherry,GooeyGushers-SweetCherry-20oz,20oz,FALSE,20 oz,,,,,,GooeyGushers-SweetCherry-20oz
TT-Gushers-SweetCherry,GooeyGushers-SweetCherry-20oz-rev1,20oz,FALSE,20 oz,,,,,,GooeyGushers-SweetCherry-20oz-rev1
TT-Gushers-SweetCherry,GooeyGummies-SweetCherry,,FALSE,,,,,,,
TT-Gushers-SweetCherry,GooeyGushers-SweetCherry,,FALSE,,,,,,,
TT-Gushers-SweetGrape,GooeyGummies-SweetGrape,,TRUE,,,,,,,
TT-Gushers-SweetGrape,GooeyGushers-SweetGrape,,FALSE,,,,,,,
TT-Gushers-SweetGreenApple,GooeyGushers-SweetGreenApple,,TRUE,,,,,,,
TT-Gushers-SweetOrange,GooeyGushers-SweetOrange,,TRUE,,,,,,,
TT-Gushers-SweetWatermelon,GooeyGumm-SweetWater-20oz,20oz,TRUE,20 oz,,,,,GooeyGumm-SweetWater-20oz,
TT-Gushers-SweetWatermelon,GooeyGumm-SweetWater-9oz,9oz,FALSE,9 oz,,,,,GooeyGumm-SweetWater-9oz,
TT-Gushers-SweetWatermelon,GooeyGushers-SweetWater-20oz,20oz,FALSE,20 oz,,,,,,GooeyGushers-SweetWater-20oz
TT-Gushers-SweetWatermelon,GooeyGummies-SweetWatermelon,,FALSE,,,,,,,
TT-Gushers-SweetWatermelon,GooeyGushers-SweetWatermelon,,FALSE,,,,,,,
TT-Gushers-Watermelon,Watermln-Gusher-4oz-1pk-rev1,1pk|4oz,TRUE,4 oz,,,,,,Watermln-Gusher-4oz-1pk-rev1
TT-Gushers-Watermelon,Gushers-Watermelon,,FALSE,,,,,,,
TT-HalloweenGummyMix-Assorted,Ghoulish Gummi Mix-8oz-2ct,2ct|8oz,TRUE,8 oz,,,Ghoulish Gummi Mix-8oz-2ct,,,
TT-HalloweenGummyMix-Assorted,GhoulishMix-8oz-2Pk,2pk|8oz,FALSE,8 oz,,,,,GhoulishMix-8oz-2Pk,
TT-HalloweenGummyMix-Assorted,Spooktacular-8oz-1pk,1pk|8oz,FALSE,8 oz,,,,,,Spooktacular-8oz-1pk
TT-HalloweenGummyMix-Assorted,GummiMix-Spooktacular,,FALSE,,,,,,,
TT-HardCandy-Assorted,PROV-6183219a,,TRUE,,,,,,,
TT-HardCandy-BananaRama,Banana-Rama-8oz-1-pk,8oz,TRUE,8 oz,,,,,Banana-Rama-8oz-1-pk,
TT-HardCandy-BananaRama,Banana-Rama-8oz-2-pk,8oz,FALSE,8 oz,,,,,Banana-Rama-8oz-2-pk,
TT-HardCandy-BananaRama,BananaRama-13oz-Jar,13oz,FALSE,13 oz,,,,,BananaRama-13oz-Jar,
TT-HardCandy-BananaRama,HardCandy-BananaRama,,FALSE,,,,,,,
TT-HardCandy-BananaRama,HardCandyJar-Bananarama,,FALSE,,,,,,,
TT-HardCandy-CrazyBanana,Crazy-Banana-8oz-1-pk,8oz,TRUE,8 oz,,,,,Crazy-Banana-8oz-1-pk,
TT-HardCandy-CrazyBanana,Crazy-Banana-8oz-2-pk,8oz,FALSE,8 oz,,,,,Crazy-Banana-8oz-2-pk,
TT-HardCandy-CrazyBanana,CrazyBanana-13oz-Jar,13oz,FALSE,13 oz,,,,,CrazyBanana-13oz-Jar,
TT-HardCandy-CrazyBanana,HardCandy-CrazyBanana,,FALSE,,,,,,,
TT-HardCandy-CrazyBanana,HardCandyJar-CrazyBananans,,FALSE,,,,,,,
TT-HardCandy-CrazyBananas,BananaRama-13oz-Jar,13oz,TRUE,13 oz,,,,,BananaRama-13oz-Jar,
TT-HardCandy-CrazyBananas,TT-bananas-crazy-hard,,FALSE,,,,,,,
TT-HardCandy-FlowerPower,Flower-Power-8oz-1-pk,8oz,TRUE,8 oz,,,,,Flower-Power-8oz-1-pk,
TT-HardCandy-FlowerPower,Flower-Power-8oz-2-pk,8oz,FALSE,8 oz,,,,,Flower-Power-8oz-2-pk,
TT-HardCandy-FlowerPower,HardCandy-FlowerPower,,FALSE,,,,,,,
TT-HardCandy-FlowerPower,HardCandyJar-FlowerPower,,FALSE,,,,,,,
TT-HardCandy-Peppermint,MintBalls-Peppermint,,TRUE,,,,,,,
TT-HardCandy-RootBeer,HardCandy-RootBeerBarrels,,TRUE,,,,,,,
TT-HardCandy-Spearmint,HardCandyDiscs-Spearmint,,TRUE,,,,,,,
TT-JellyBelly-BerryBlue,jelly-beans-8oz-BerryBlue-1pk-rev1,1pk|8oz,TRUE,8 oz,,,jelly-beans-8oz-BerryBlue-1pk-rev1,,,
TT-JellyBelly-CaramelCorn,jelly-beans-8oz-CaramelCorn-1pk-rev1,1pk|8oz,TRUE,8 oz,,,jelly-beans-8oz-CaramelCorn-1pk-rev1,,,
TT-JellyBelly-ChristmasMix,jelly-beans-8oz-ChrisrmasMix-1pk-rev1,1pk|8oz,TRUE,8 oz,,,jelly-beans-8oz-ChrisrmasMix-1pk-rev1,,,
TT-JellyBelly-GreenApple,jelly-beans-8oz-GreenApple-1pk-rev1,1pk|8oz,TRUE,8 oz,,,jelly-beans-8oz-GreenApple-1pk-rev1,,,
TT-JellyBelly-JuicyPear,jelly-beans-8oz-Juicypear-1pk-rev1,1pk|8oz,TRUE,8 oz,,,jelly-beans-8oz-Juicypear-1pk-rev1,,,
TT-JellyBelly-Mango,jelly-beans-8oz-Mango-1pk-rev3,1pk|8oz,TRUE,8 oz,,,jelly-beans-8oz-Mango-1pk-rev3,,,
TT-JellyBelly-Peach,jelly-beans-8oz-Peach-1pk-rev3,1pk|8oz,TRUE,8 oz,,,jelly-beans-8oz-Peach-1pk-rev3,,,
TT-JellyBelly-SizzlingCinnamon,jelly-beans-8oz-SizzlingCinnamon-1pk,1pk|8oz,TRUE,8 oz,,,jelly-beans-8oz-SizzlingCinnamon-1pk,,,jelly-beans-8oz-SizzlingCinnamon-1pk
TT-JellyBelly-StrawberryCheesecake,jelly-beans-8oz-StrawCheese-1pk-rev1,1pk|8oz,TRUE,8 oz,,,jelly-beans-8oz-StrawCheese-1pk-rev1,,,
TT-JellyBelly-StrawberryDaiquiri,jelly-beans-8oz-StrawDaiq-1pk-rev1,1pk|8oz,TRUE,8 oz,,,jelly-beans-8oz-StrawDaiq-1pk-rev1,,,
TT-JellyBelly-ToastedMarshmallow,jelly-beans-8oz-ToastedMarshmal-1pk-rev2,1pk|8oz,TRUE,8 oz,,,jelly-beans-8oz-ToastedMarshmal-1pk-rev2,,,
TT-JellyBelly-TopBanana,jelly-beans-8oz-TopBananna-1pk-rev1,1pk|8oz,TRUE,8 oz,,,jelly-beans-8oz-TopBananna-1pk-rev1,,,
TT-JellyHearts-Assorted,Jelly-Hearts-8oz,8oz,TRUE,8 oz,,,Jelly-Hearts-8oz,,Jelly-Hearts-8oz,
TT-JellyHearts-Assorted,CherryHearts-Candy-8oz-1PK,1pk|8oz,FALSE,8 oz,,,,,CherryHearts-Candy-8oz-1PK,
TT-JellyHearts-Assorted,CherryHearts-Candy-8oz-4PK,4pk|8oz,FALSE,8 oz,,,,,CherryHearts-Candy-8oz-4PK,
TT-JellyHearts-Assorted,Cinn-JuJuHearts-8oz-1PK,1pk|8oz,FALSE,8 oz,,,,,Cinn-JuJuHearts-8oz-1PK,
TT-JellyHearts-Assorted,Cinn-JuJuHearts-8oz-2PK,2pk|8oz,FALSE,8 oz,,,,,Cinn-JuJuHearts-8oz-2PK,
TT-JellyHearts-Assorted,Jelly-Hearts-8oz-1PK,1pk|8oz,FALSE,8 oz,,,,,Jelly-Hearts-8oz-1PK,Jelly-Hearts-8oz-1PK
TT-JellyHearts-Assorted,Jelly-Hearts-8oz-2PK,2pk|8oz,FALSE,8 oz,,,,,Jelly-Hearts-8oz-2PK,
TT-JellyHearts-Assorted,JuJu-HeartCandy-8oz-1PK,1pk|8oz,FALSE,8 oz,,,,,JuJu-HeartCandy-8oz-1PK,
TT-JellyHearts-Assorted,JuJu-HeartCandy-8oz-4PK,4pk|8oz,FALSE,8 oz,,,,,JuJu-HeartCandy-8oz-4PK,
TT-JuJuHearts-Cinnamon,Cinnamon-Hearts8oz-JuJu,8oz,TRUE,8 oz,,,Cinnamon-Hearts8oz-JuJu,,Cinnamon-Hearts8oz-JuJu,
TT-JuJuHearts-Cinnamon,JuJu-HeartCandy-8oz-2PK,2pk|8oz,FALSE,8 oz,,,,,JuJu-HeartCandy-8oz-2PK,
TT-JuJuHearts-Cinnamon,Cinn-JuJuHearts-8oz-1PK,1pk|8oz,FALSE,8 oz,,,,,,Cinn-JuJuHearts-8oz-1PK
TT-LobsterGummies-Assorted,Lobster-Gummy-8oz-2pk,2pk|8oz,TRUE,8 oz,,,,,,Lobster-Gummy-8oz-2pk
TT-LobsterGummies-Assorted,TT-fun-gummy-lobster-red,,FALSE,,,,,,,
TT-Lollipops-Assorted,Lollipops-Assorted,,TRUE,,,,,,,
TT-LotusCrunchDelight-Biscoff,LotusCrunchDelight-Biscoff,,TRUE,,,,,,,
TT-MilitaryHeroGummies-Assorted,MilitaryHeroGummies,,TRUE,,,,,,,
TT-MilkToffee-Coffee,MilkToffee-Coffee,,TRUE,,,,,,,
TT-MilkToffee-Original,Original-MilkToffee-16oz,16oz,TRUE,16 oz,,,Original-MilkToffee-16oz,,Original-MilkToffee-16oz,
TT-MilkToffee-Original,Original-MilkToffee-9oz,9oz,FALSE,9 oz,,,Original-MilkToffee-9oz,,Original-MilkToffee-9oz,
TT-MilkToffee-Original,Coffee-MilkToffee-16oz,16oz,FALSE,16 oz,,,,,Coffee-MilkToffee-16oz,
TT-MilkToffee-Original,Coffee-MilkToffee-9oz,9oz,FALSE,9 oz,,,,,Coffee-MilkToffee-9oz,
TT-MilkToffee-Original,Original-MilkToffee-16oz-1pk,16oz|1pk,FALSE,16 oz,,,,,,Original-MilkToffee-16oz-1pk
TT-MilkToffee-Original,TT-crispy-easily-light-melts,,FALSE,,,,,,,
TT-MixedNuts-RoastedSalted,Del-SalRoast-MixNuts-8oz-1pk,1pk|8oz,TRUE,8 oz,,,,,,Del-SalRoast-MixNuts-8oz-1pk
TT-MixedNuts-RoastedSalted,MixedNuts-RoastedSalted,,FALSE,,,,,,,
TT-MixedNuts-Unsalted,Nosalt-MixedNuts-8oz-1pk,1pk|8oz,TRUE,8 oz,,,,,,Nosalt-MixedNuts-8oz-1pk
TT-MixedNuts-Unsalted,Nosalt-MixedNuts-8oz-1pkNosalt-MixedNuts-8oz-2pk,1pk|2pk|8oz,FALSE,8 oz,,,,,,Nosalt-MixedNuts-8oz-1pkNosalt-MixedNuts-8oz-2pk
TT-MixedNuts-Unsalted,TT-almonds-blend-brazil-cashews,,FALSE,,,,,,,
TT-NoveltyChewyCandy-Assorted,Pacifier-HardCandy-8oz-1pk,1pk|8oz,TRUE,8 oz,,,,,,Pacifier-HardCandy-8oz-1pk
TT-NoveltyChewyCandy-Assorted,HardCandy-Pacifier,,FALSE,,,,,,,
TT-PacifierCandy-Assorted,PacifierCandy-Assorted,,TRUE,,,,,,,
TT-PeaceGummyBears-Assorted,Peace-Bear-8oz-1PK,1pk|8oz,TRUE,8 oz,,,,,Peace-Bear-8oz-1PK,
TT-PeaceGummyBears-Assorted,GummyBear-Peace-7oz-1PK,1pk|7oz,FALSE,7 oz,,,,,,GummyBear-Peace-7oz-1PK
TT-PeaceGummyBears-Assorted,GummyBear-Peace-7oz-2PK,2pk|7oz,FALSE,7 oz,,,,,,GummyBear-Peace-7oz-2PK
TT-PeaceGummyBears-Assorted,PeaceGummiBears-Fruity,,FALSE,,,,,,,
TT-PeaceGummyBears-Assorted,PeaceGummyBears-Assorted,,FALSE,,,,,,,
TT-PeanutBrittle-Original,PeanutBrittle-4oz..,4oz,TRUE,4 oz,,,PeanutBrittle-4oz..,,,
TT-PeanutBrittle-Original,PeanutBrittle-1lb-1pk,1lb|1pk,FALSE,1 lb,,,,,PeanutBrittle-1lb-1pk,
TT-PeanutBrittle-Original,PeanutBrittle-2.25lb-Jar-1pk,1pk|2.25lb,FALSE,2.25 lb,,,,,PeanutBrittle-2.25lb-Jar-1pk,
TT-PeanutBrittle-Original,PeanutBrittle-2lb-1pk,1pk|2lb,FALSE,2 lb,,,,,PeanutBrittle-2lb-1pk,
TT-PeanutBrittle-Original,PeanutBrittle-4oz-1pk,1pk|4oz,FALSE,4 oz,,,,,PeanutBrittle-4oz-1pk,
TT-PeanutBrittle-Original,PeanutBrittle-8oz-1pk,1pk|8oz,FALSE,8 oz,,,,,PeanutBrittle-8oz-1pk,
TT-PeanutBrittle-Original,PeanutBrittle-4oz-4pk,4oz|4pk,FALSE,4 oz,,,,,,PeanutBrittle-4oz-4pk
TT-PeanutBrittle-Original,PeanutBrittle-8oz-2pk,2pk|8oz,FALSE,8 oz,,,,,,PeanutBrittle-8oz-2pk
TT-PeanutBrittle-Original,PeanutBrittle-4oz,4oz,FALSE,4 oz,,,,,,PeanutBrittle-4oz
TT-PeanutBrittle-Original,PeanutBrittle-4oz-rev1,4oz,FALSE,4 oz,,,,,,PeanutBrittle-4oz-rev1
TT-PeanutBrittle-Original,PeanutBrittle-8oz,8oz,FALSE,8 oz,,,,,,PeanutBrittle-8oz
TT-PeanutBrittle-Original,PeanutBrittle,,FALSE,,,,,,,
TT-Peanuts-ButterToasted,Butter-ToastPeanuts-8oz-1pk,1pk|8oz,TRUE,8 oz,,,,,Butter-ToastPeanuts-8oz-1pk,
TT-Peanuts-ButterToasted,TT-bites-butter-coated-crispy,,FALSE,,,,,,,
TT-Peanuts-CajunSpicy,SpicyPeanuts-8oz-2pk,2pk|8oz,TRUE,8 oz,,,,,SpicyPeanuts-8oz-2pk,SpicyPeanuts-8oz-2pk
TT-Peanuts-CajunSpicy,TT-bite-bold-cajun-coated,,FALSE,,,,,,,
TT-Peanuts-HoneyRoasted,HonRoasted-Peanuts-8oz-1pk,1pk|8oz,TRUE,8 oz,,,,,HonRoasted-Peanuts-8oz-1pk,
TT-Peanuts-HoneyRoasted,Peanuts-HoneyRoasted,,FALSE,,,,,,,
TT-Peanuts-SpanishRoastedSalted,TT-bite-bold-crunchy-peanuts,,TRUE,,,,,,,
TT-Pecans-RoastedSalted,Pecans-RoastedSalted,,TRUE,,,,,,,
TT-PectinGummyCubes-Assorted,PectinCubes-11.5oz-Jar,11.5oz,TRUE,11.5 oz,,,,,PectinCubes-11.5oz-Jar,
TT-PectinGummyCubes-Assorted,Sanded-Pectin-Cubes-8oz-2-pk-Assorted,8oz,FALSE,8 oz,,,,,Sanded-Pectin-Cubes-8oz-2-pk-Assorted,
TT-PectinGummyCubes-Assorted,PectinCubes-Asstd-8oz-2pk,2pk|8oz,FALSE,8 oz,,,,,,PectinCubes-Asstd-8oz-2pk
TT-PectinGummyCubes-Assorted,PectinGummyCubes-Assorted,,FALSE,,,,,,,
TT-PectinGummyCubes-Assorted,TT-based-bites-cubes-pectin,,FALSE,,,,,,,
TT-PeppermintPuffs-Peppermint,PeppermintPuffs,,TRUE,,,,,,,
TT-PeppermintTwists-Peppermint,PeppermintTwist-Mint,,TRUE,,,,,,,
TT-PersonalCare-BathLoofahSponge,IP936-1ct,1ct,TRUE,,,,,,IP936-1ct,
TT-PersonalCare-BathLoofahSponge,TT-back-bath-body-exfoliator,,FALSE,,,,,,,
TT-SaltwaterTaffy-Assorted,Taffy-Assorted-8oz-1pk-rev1,1pk|8oz,TRUE,8 oz,,,,,,Taffy-Assorted-8oz-1pk-rev1
TT-SaltwaterTaffy-Assorted,Taffy-Assorted-8oz-1pk,1pk|8oz,FALSE,8 oz,,,,,,Taffy-Assorted-8oz-1pk
TT-SaltwaterTaffy-Assorted,SaltwaterTaffy-Assorted,,FALSE,,,,,,,
TT-SaltwaterTaffy-Assorted,Taffy-Assorted,,FALSE,,,,,,,
TT-SaltwaterTaffy-Banana,Taffy-Banana-8oz-1pk,1pk|8oz,TRUE,8 oz,,,,,,Taffy-Banana-8oz-1pk
TT-SaltwaterTaffy-Banana,Taffy-Banana,,FALSE,,,,,,,
TT-SaltwaterTaffy-BlackberryCrumble,Taffy-Blackberry-8oz-1pk,1pk|8oz,TRUE,8 oz,,,,,,Taffy-Blackberry-8oz-1pk
TT-SaltwaterTaffy-BlackberryCrumble,Taffy-BlackberryCrumble,,FALSE,,,,,,,
TT-SaltwaterTaffy-Butterscotch,Taffy-Butterscotch-8oz-1pk,1pk|8oz,TRUE,8 oz,,,,,,Taffy-Butterscotch-8oz-1pk
TT-SaltwaterTaffy-Butterscotch,Taffy-Butterscotch,,FALSE,,,,,,,
TT-SaltwaterTaffy-CaramelMocha,Taffy-CaramelMocha-8oz-1pk,1pk|8oz,TRUE,8 oz,,,,,,Taffy-CaramelMocha-8oz-1pk
TT-SaltwaterTaffy-CaramelMocha,Taffy-CaramelMocha,,FALSE,,,,,,,
TT-SaltwaterTaffy-CaramelSwirls,Taffy-Caramel-8oz-1pk,1pk|8oz,TRUE,8 oz,,,,,,Taffy-Caramel-8oz-1pk
TT-SaltwaterTaffy-CaramelSwirls,Taffy-CaramelSwirls,,FALSE,,,,,,,
TT-SaltwaterTaffy-ChiliMango,Taffy-ChiliMango-8oz-1pk,1pk|8oz,TRUE,8 oz,,,,,,Taffy-ChiliMango-8oz-1pk
TT-SaltwaterTaffy-ChiliMango,Taffy-ChiliMango,,FALSE,,,,,,,
TT-SaltwaterTaffy-Chocolate,Taffy-Choco-8oz-1pk,1pk|8oz,TRUE,8 oz,,,,,,Taffy-Choco-8oz-1pk
TT-SaltwaterTaffy-Chocolate,Taffy-Chocolate,,FALSE,,,,,,,
TT-SaltwaterTaffy-ChocolateCaramelSeaSalt,Taffy-ChocCaramel-8oz-1pk,1pk|8oz,TRUE,8 oz,,,,,,Taffy-ChocCaramel-8oz-1pk
TT-SaltwaterTaffy-ChocolateCaramelSeaSalt,Taffy-ChocCaramelSeaSalt,,FALSE,,,,,,,
TT-SaltwaterTaffy-CinnamonRoll,Taffy-Cinnamon-8oz-1pk,1pk|8oz,TRUE,8 oz,,,,,,Taffy-Cinnamon-8oz-1pk
TT-SaltwaterTaffy-CinnamonRoll,Taffy-CinnamonRoll,,FALSE,,,,,,,
TT-SaltwaterTaffy-CoconutCream,Taffy-Coconut-8oz-1pk,1pk|8oz,TRUE,8 oz,,,,,,Taffy-Coconut-8oz-1pk
TT-SaltwaterTaffy-CoconutCream,Taffy-CoconutCream,,FALSE,,,,,,,
TT-SaltwaterTaffy-CookiesCream,Taffy-CookiesnCream-8oz-1pk,1pk|8oz,TRUE,8 oz,,,,,,Taffy-CookiesnCream-8oz-1pk
TT-SaltwaterTaffy-CookiesCream,Taffy-CookiesCream,,FALSE,,,,,,,
TT-SaltwaterTaffy-CottonCandy,Taffy-CottonCan-8oz-1pk,1pk|8oz,TRUE,8 oz,,,,,,Taffy-CottonCan-8oz-1pk
TT-SaltwaterTaffy-CottonCandy,Taffy-CottonCandy,,FALSE,,,,,,,
TT-SaltwaterTaffy-Honey,Taffy-Honey-8oz-2pk,2pk|8oz,TRUE,8 oz,,,Taffy-Honey-8oz-2pk,,,
TT-SaltwaterTaffy-Honey,Taffy-Honey-8oz-1pk,1pk|8oz,FALSE,8 oz,,,,,,Taffy-Honey-8oz-1pk
TT-SaltwaterTaffy-MapleBacon,Taffy-MapleBac-8oz-1pk,1pk|8oz,TRUE,8 oz,,,,,,Taffy-MapleBac-8oz-1pk
TT-SaltwaterTaffy-MapleBacon,Taffy-MapleBacon,,FALSE,,,,,,,
TT-SaltwaterTaffy-PassionFruit,Taffy-Passion-8oz-1pk,1pk|8oz,TRUE,8 oz,,,,,,Taffy-Passion-8oz-1pk
TT-SaltwaterTaffy-PassionFruit,Taffy-PassionFruit,,FALSE,,,,,,,
TT-SaltwaterTaffy-PeanutButterJelly,Taffy-PBnJ-8oz-1pk,1pk|8oz,TRUE,8 oz,,,,,,Taffy-PBnJ-8oz-1pk
TT-SaltwaterTaffy-PeanutButterJelly,Taffy-PBJ,,FALSE,,,,,,,
TT-SaltwaterTaffy-Peppermint,Taffy-Peppermint-8oz-1pk,1pk|8oz,TRUE,8 oz,,,,,,Taffy-Peppermint-8oz-1pk
TT-SaltwaterTaffy-Peppermint,Taffy-Peppermint,,FALSE,,,,,,,
TT-SaltwaterTaffy-Pickle,Taffy-Pickle-8oz-1pk,1pk|8oz,TRUE,8 oz,,,,,,Taffy-Pickle-8oz-1pk
TT-SaltwaterTaffy-Pickle,Taffy-Pickle,,FALSE,,,,,,,
TT-SaltwaterTaffy-PinaColada,Taffy-Pina-8oz-1pk,1pk|8oz,TRUE,8 oz,,,,,,Taffy-Pina-8oz-1pk
TT-SaltwaterTaffy-PinaColada,Taffy-PinaColada,,FALSE,,,,,,,
TT-SaltwaterTaffy-RootBeerFloat,Taffy-RootBeer-8oz-1pk,1pk|8oz,TRUE,8 oz,,,,,,Taffy-RootBeer-8oz-1pk
TT-SaltwaterTaffy-RootBeerFloat,Taffy-RootBeerFloat,,FALSE,,,,,,,
TT-SaltwaterTaffy-StarsStripes,Taffy-StarStripes-8oz-1pk,1pk|8oz,TRUE,8 oz,,,,,,Taffy-StarStripes-8oz-1pk
TT-SaltwaterTaffy-StarsStripes,Taffy-StarsAndStripes,,FALSE,,,,,,,
TT-SaltwaterTaffy-StrawberryKiwi,Taffy-StrawKiwi-8oz-1pk,1pk|8oz,TRUE,8 oz,,,,,,Taffy-StrawKiwi-8oz-1pk
TT-SaltwaterTaffy-StrawberryKiwi,Taffy-StrawberryKiwi,,FALSE,,,,,,,
TT-SaltwaterTaffy-Vanilla,Taffy-Vanilla-8oz-1pk,1pk|8oz,TRUE,8 oz,,,Taffy-Vanilla-8oz-1pk,,,Taffy-Vanilla-8oz-1pk
TT-SaltwaterTaffy-Watermelon,Taffy-Watermelon-8oz-1pk,1pk|8oz,TRUE,8 oz,,,,,,Taffy-Watermelon-8oz-1pk
TT-SaltwaterTaffy-Watermelon,Taffy-Watermelon,,FALSE,,,,,,,
TT-SesameSticks-Honey,Hon-SesameSticks-8oz-1pk,1pk|8oz,TRUE,8 oz,,,,,Hon-SesameSticks-8oz-1pk,
TT-SesameSticks-Honey,Hon-SesameSticks-8oz-2pk,2pk|8oz,FALSE,8 oz,,,,,Hon-SesameSticks-8oz-2pk,
TT-SesameSticks-Honey,TT-bite-crisp-crunchy-golden,,FALSE,,,,,,,
TT-SnackMix-FireCracker,FireCracker-Mix-8oz-1pk,1pk|8oz,TRUE,8 oz,,,,,,FireCracker-Mix-8oz-1pk
TT-SnackMix-FireCracker,FireCrackerMix,,FALSE,,,,,,,
TT-SnackMix-Firecracker,SnackMix-Firecracker,,TRUE,,,,,,,
TT-SnackMix-FruitNutTrail,Dyno-Mix-8oz-1pk,1pk|8oz,TRUE,8 oz,,,,,,Dyno-Mix-8oz-1pk
TT-SnackMix-FruitNutTrail,SnackMix-FruitNutTrail,,FALSE,,,,,,,
TT-SnackMix-HoneyNut,Hon-CrunchMix-8oz-2pk,2pk|8oz,TRUE,8 oz,,,,,Hon-CrunchMix-8oz-2pk,Hon-CrunchMix-8oz-2pk
TT-SnackMix-HoneyNut,Hon-CrunchMix-8oz-1pk,1pk|8oz,FALSE,8 oz,,,,,,Hon-CrunchMix-8oz-1pk
TT-SnackMix-HoneyNut,SnackMix-HoneyNut,,FALSE,,,,,,,
TT-SnackMix-NutsSeedsRaisins,Nuts&Seed-Mix-8oz-1pk,1pk|8oz,TRUE,8 oz,,,,,,Nuts&Seed-Mix-8oz-1pk
TT-SnackMix-NutsSeedsRaisins,Nuts&Seed-Mix-8oz-2pk,2pk|8oz,FALSE,8 oz,,,,,,Nuts&Seed-Mix-8oz-2pk
TT-SnackMix-NutsSeedsRaisins,SnackMix-NutsSeedsRaisins,,FALSE,,,,,,,
TT-SnackMix-RaisinCranberryNut,RaisinCranMix-8oz-2pk,2pk|8oz,TRUE,8 oz,,,,,RaisinCranMix-8oz-2pk,
TT-SnackMix-RaisinCranberryNut,TT-blend-cranberry-crunchy-healthy,,FALSE,,,,,,,
TT-SnackMix-SesameCrunch,Sal-SesameMix-8oz-1pk,1pk|8oz,TRUE,8 oz,,,,,,Sal-SesameMix-8oz-1pk
TT-SnackMix-SesameCrunch,Sal-SesameMix-8oz-2pk,2pk|8oz,FALSE,8 oz,,,,,,Sal-SesameMix-8oz-2pk
TT-SnackMix-SesameCrunch,SnackMix-SesameCrunch,,FALSE,,,,,,,
TT-SnackMix-SpicyCrunch,Oriental-Treats-8oz-2pk,2pk|8oz,TRUE,8 oz,,,,,Oriental-Treats-8oz-2pk,Oriental-Treats-8oz-2pk
TT-SnackMix-SpicyCrunch,Oriental-Treats-8oz-1pk,1pk|8oz,FALSE,8 oz,,,,,,Oriental-Treats-8oz-1pk
TT-SnackMix-SpicyCrunch,TT-blend-crunch-nuts-savory,,FALSE,,,,,,,
TT-SnackMix-SweetSaltyCranberry,CountryClub-Mix-8oz-2pk,2pk|8oz,TRUE,8 oz,,,,,,CountryClub-Mix-8oz-2pk
TT-SnackMix-SweetSaltyCranberry,SnackMix-SweetSaltyCranberry,,FALSE,,,,,,,
TT-SnackMix-TropicalCrunch,Tropical-Crunch-8oz-1pk,1pk|8oz,TRUE,8 oz,,,,,Tropical-Crunch-8oz-1pk,Tropical-Crunch-8oz-1pk
TT-SnackMix-TropicalCrunch,TT-banana-blend-cashew-chips,,FALSE,,,,,,,
TT-SnackMix-TropicalDriedFruit,FruitSnack-Mix-8oz-1pk,1pk|8oz,TRUE,8 oz,,,,,FruitSnack-Mix-8oz-1pk,FruitSnack-Mix-8oz-1pk
TT-SnackMix-TropicalDriedFruit,FruitSnack-Mix-8oz-2pk,2pk|8oz,FALSE,8 oz,,,,,FruitSnack-Mix-8oz-2pk,
TT-SnackMix-TropicalDriedFruit,TT-blend-crunchy-dried-energy,,FALSE,,,,,,,
TT-SnackMix-TropicalNutFruit,Tahitian-NutFruitMix-8oz-2pk,2pk|8oz,TRUE,8 oz,,,,,Tahitian-NutFruitMix-8oz-2pk,
TT-SnackMix-TropicalNutFruit,SnackMix-TropicalNutFruit,,FALSE,,,,,,,
TT-SnowflakeGummies-Assorted,SnowflakeGummy-Assorted,,TRUE,,,,,,,
TT-SourBelts-Assorted,Sour-Ropes-Belts-8oz-1PK-Blue Raspberry,1pk|8oz,TRUE,8 oz,,,,,Sour-Ropes-Belts-8oz-1PK-Blue Raspberry,
TT-SourBelts-Assorted,Sour-Ropes-Belts-8oz-1PK-Cotton Candy,1pk|8oz,FALSE,8 oz,,,,,Sour-Ropes-Belts-8oz-1PK-Cotton Candy,
TT-SourBelts-Assorted,Sour-Ropes-Belts-8oz-1PK-Green Apple,1pk|8oz,FALSE,8 oz,,,,,Sour-Ropes-Belts-8oz-1PK-Green Apple,
TT-SourBelts-Assorted,Sour-Ropes-Belts-8oz-1PK-Pink Lemonade,1pk|8oz,FALSE,8 oz,,,,,Sour-Ropes-Belts-8oz-1PK-Pink Lemonade,
TT-SourBelts-Assorted,Sour-Ropes-Belts-8oz-1PK-Rainbow,1pk|8oz,FALSE,8 oz,,,,,Sour-Ropes-Belts-8oz-1PK-Rainbow,
TT-SourBelts-Assorted,Sour-Ropes-Belts-8oz-1PK-Raspberry Cherry,1pk|8oz,FALSE,8 oz,,,,,Sour-Ropes-Belts-8oz-1PK-Raspberry Cherry,
TT-SourBelts-Assorted,Sour-Ropes-Belts-8oz-1PK-Strawberry,1pk|8oz,FALSE,8 oz,,,,,Sour-Ropes-Belts-8oz-1PK-Strawberry,
TT-SourBelts-Assorted,Sour-Ropes-Belts-8oz-1PK-Strawberry Banana,1pk|8oz,FALSE,8 oz,,,,,Sour-Ropes-Belts-8oz-1PK-Strawberry Banana,
TT-SourBelts-Assorted,Sour-Ropes-Belts-8oz-1PK-Watermelon,1pk|8oz,FALSE,8 oz,,,,,Sour-Ropes-Belts-8oz-1PK-Watermelon,
TT-SourBelts-Assorted,Sour-Ropes-Belts-8oz-1PK-Wild Cherry,1pk|8oz,FALSE,8 oz,,,,,Sour-Ropes-Belts-8oz-1PK-Wild Cherry,
TT-SourBelts-Assorted,Sour-Ropes-Belts-8oz-2PK-Blue RaspberryBlue Raspbe,2pk|8oz,FALSE,8 oz,,,,,Sour-Ropes-Belts-8oz-2PK-Blue RaspberryBlue Raspbe,
TT-SourBelts-Assorted,Sour-Ropes-Belts-8oz-2PK-Cotton Candy,2pk|8oz,FALSE,8 oz,,,,,Sour-Ropes-Belts-8oz-2PK-Cotton Candy,
TT-SourBelts-Assorted,Sour-Ropes-Belts-8oz-2PK-Green Apple,2pk|8oz,FALSE,8 oz,,,,,Sour-Ropes-Belts-8oz-2PK-Green Apple,
TT-SourBelts-Assorted,Sour-Ropes-Belts-8oz-2PK-Mango,2pk|8oz,FALSE,8 oz,,,,,Sour-Ropes-Belts-8oz-2PK-Mango,
TT-SourBelts-Assorted,Sour-Ropes-Belts-8oz-2PK-Pink Lemonade,2pk|8oz,FALSE,8 oz,,,,,Sour-Ropes-Belts-8oz-2PK-Pink Lemonade,
TT-SourBelts-Assorted,Sour-Ropes-Belts-8oz-2PK-Rainbow,2pk|8oz,FALSE,8 oz,,,,,Sour-Ropes-Belts-8oz-2PK-Rainbow,
TT-SourBelts-Assorted,Sour-Ropes-Belts-8oz-2PK-Raspberry Cherry,2pk|8oz,FALSE,8 oz,,,,,Sour-Ropes-Belts-8oz-2PK-Raspberry Cherry,
TT-SourBelts-Assorted,Sour-Ropes-Belts-8oz-4PK-Watermelon,4pk|8oz,FALSE,8 oz,,,,,Sour-Ropes-Belts-8oz-4PK-Watermelon,
TT-SourBelts-Assorted,TT-belts-ropes-snacking-tangy,,FALSE,,,,,,,
TT-SourButtons-Assorted,Asstd-SourButtons-8oz-1pk,1pk|8oz,TRUE,8 oz,,,,,Asstd-SourButtons-8oz-1pk,Asstd-SourButtons-8oz-1pk
TT-SourButtons-Assorted,Asstd-SourButtons-8oz-2pk,2pk|8oz,FALSE,8 oz,,,,,Asstd-SourButtons-8oz-2pk,
TT-SourButtons-Assorted,TT-boards-buttons-flavour-gummy,,FALSE,,,,,,,
TT-SourButtons-BlueRaspberry,SourButtons-BlueRaspberry,,TRUE,,,,,,,
TT-SourDrops-Assorted,SourDrops-16oz,16oz,TRUE,16 oz,,,SourDrops-16oz,,SourDrops-16oz,
TT-SourDrops-Assorted,SourDrops-8oz,8oz,FALSE,8 oz,,,SourDrops-8oz,,SourDrops-8oz,
TT-SourDrops-Assorted,Sour-Fruit-Drops-8oz-1-pk,8oz,FALSE,8 oz,,,,,Sour-Fruit-Drops-8oz-1-pk,
TT-SourDrops-Assorted,Sour-Fruit-Drops-8oz-2-pk,8oz,FALSE,8 oz,,,,,Sour-Fruit-Drops-8oz-2-pk,
TT-SourDrops-Assorted,SourDrops-16oz-2pk,16oz|2pk,FALSE,16 oz,,,,,SourDrops-16oz-2pk,
TT-SourDrops-Assorted,SourDrops-32oz,32oz,FALSE,32 oz,,,,,SourDrops-32oz,
TT-SourDrops-Assorted,SourDrops-32oz-4pk,32oz|4pk,FALSE,32 oz,,,,,SourDrops-32oz-4pk,
TT-SourDrops-Assorted,SourDrops-8oz-1pk,1pk|8oz,FALSE,8 oz,,,,,SourDrops-8oz-1pk,
TT-SourDrops-Assorted,SourDrops-52ozJar-1pk,1pk|52oz,FALSE,52 oz,,,,,,SourDrops-52ozJar-1pk
TT-SourFruitBalls-Assorted,SourFruitBalls-Assorted,,TRUE,,,,,,,
TT-SpiceDrops-Assorted,SpiceDrops-8oz-1pk,1pk|8oz,TRUE,8 oz,,,,,,SpiceDrops-8oz-1pk
TT-SpiceDrops-Assorted,SpiceDrops-Assorted,,FALSE,,,,,,,
TT-SpiceDrops-CinnamonSpearmint,Christ-SpiceDrops-8oz-1Pk,1pk|8oz,TRUE,8 oz,,,,,Christ-SpiceDrops-8oz-1Pk,
TT-SpiceDrops-CinnamonSpearmint,Christ-SpiceDrops-8oz-2Pk,2pk|8oz,FALSE,8 oz,,,,,Christ-SpiceDrops-8oz-2Pk,
TT-SpiceDrops-CinnamonSpearmint,Christmas-Spice-Drops-8oz-2-pk,8oz,FALSE,8 oz,,,,,Christmas-Spice-Drops-8oz-2-pk,
TT-SpiceDrops-CinnamonSpearmint,TT-christmas-cinnamon-colored-drops,,FALSE,,,,,,,
TT-StarlightCandy-Fruit,TT-hard-starlight-swirl,,TRUE,,,,,,,
TT-SwedishCandy-Assorted,Assorted-Swedish-8oz-1PK,1pk|8oz,TRUE,8 oz,,,,,,Assorted-Swedish-8oz-1PK
TT-SwedishCandy-Assorted,SwedishCandy-Assorted,,FALSE,,,,,,,
TT-SwedishCandy-BananaToffeeSkulls,SweetBanana-8oz-1PK,1pk|8oz,TRUE,8 oz,,,,,,SweetBanana-8oz-1PK
TT-SwedishCandy-BananaToffeeSkulls,SwedishCandy-BananaToffeeSkulls,,FALSE,,,,,,,
TT-SwedishCandy-BlueberryStrawberryBears,SwedishCandy-BlueberryStrawberryBears,,TRUE,,,,,,,
TT-SwedishCandy-GrapeSkulls,SwedishCandy-GrapeSkulls,,TRUE,,,,,,,
TT-SwedishCandy-MangoBears,SourMango-Bears-8oz-1PK-rev1,1pk|8oz,TRUE,8 oz,,,SourMango-Bears-8oz-1PK-rev1,,,
TT-SwedishCandy-MangoBears,Assorted-8oz-1PK,1pk|8oz,FALSE,8 oz,,,,,Assorted-8oz-1PK,
TT-SwedishCandy-MangoBears,Assorted-8oz-2PK,2pk|8oz,FALSE,8 oz,,,,,Assorted-8oz-2PK,
TT-SwedishCandy-MangoBears,LemonStrawButter-8oz-2PK,2pk|8oz,FALSE,8 oz,,,,,LemonStrawButter-8oz-2PK,
TT-SwedishCandy-MangoBears,SourBlue/StrawberryBears-8oz-1PK,1pk|8oz,FALSE,8 oz,,,,,SourBlue/StrawberryBears-8oz-1PK,
TT-SwedishCandy-MangoBears,SourBlue/StrawberryBears-8oz-2PK,2pk|8oz,FALSE,8 oz,,,,,SourBlue/StrawberryBears-8oz-2PK,
TT-SwedishCandy-MangoBears,SourMango-Bears-8oz-1PK,1pk|8oz,FALSE,8 oz,,,,,SourMango-Bears-8oz-1PK,
TT-SwedishCandy-MangoBears,SourMango-Bears-8oz-2PK,2pk|8oz,FALSE,8 oz,,,,,SourMango-Bears-8oz-2PK,
TT-SwedishCandy-MangoBears,StrawVanilla-Hearts-8oz-1PK,1pk|8oz,FALSE,8 oz,,,,,StrawVanilla-Hearts-8oz-1PK,
TT-SwedishCandy-MangoBears,StrawVanilla-Hearts-8oz-2PK,2pk|8oz,FALSE,8 oz,,,,,StrawVanilla-Hearts-8oz-2PK,
TT-SwedishCandy-MangoBears,SweetBanana-8oz-1PK,1pk|8oz,FALSE,8 oz,,,,,SweetBanana-8oz-1PK,
TT-SwedishCandy-MangoBears,SweetBanana-8oz-2PK,2pk|8oz,FALSE,8 oz,,,,,SweetBanana-8oz-2PK,
TT-SwedishCandy-PineapplePassionfruitAliens,Pine-PassionAlien-8oz-1PK-rev1,1pk|8oz,TRUE,8 oz,,,Pine-PassionAlien-8oz-1PK-rev1,,,
TT-SwedishCandy-SourLemonStrawberry,LemonStrawButter-8oz-1PK-rev1,1pk|8oz,TRUE,8 oz,,,LemonStrawButter-8oz-1PK-rev1,,,
TT-SwedishCandy-StrawberryVanillaHearts,StrawVanilla-Hearts-8oz-1PK,1pk|8oz,TRUE,8 oz,,,,,,StrawVanilla-Hearts-8oz-1PK
TT-SwedishCandy-StrawberryVanillaHearts,SwedishCandy-StrawberryVanillaHearts,,FALSE,,,,,,,
TT-SwedishCandy-WatermelonAliens,SwedishCandy-WatermelonAliens,,TRUE,,,,,,,
TT-SwirlyFishGummies-Assorted,SwirlyFish-Fruity,,TRUE,,,,,,,
TT-TripleHeartGummies-Assorted,Asstd-SugarGummy-Heart-8oz-1pk,1pk|8oz,TRUE,8 oz,,,,,Asstd-SugarGummy-Heart-8oz-1pk,
TT-TripleHeartGummies-Assorted,Asstd-SugarGummy-Heart-8oz-2pk,2pk|8oz,FALSE,8 oz,,,,,Asstd-SugarGummy-Heart-8oz-2pk,
TT-TripleHeartGummies-Assorted,TripleHeartGummy-Assorted,,FALSE,,,,,,,
TT-ValentineGummies-Assorted,PROV-25ab9027,,TRUE,,,,,,,
TT-ValentineGummies-Assorted,PROV-fd8d90ec,,FALSE,,,,,,,
TT-ValentineGummies-CherryJellyHearts,CherryHearts-Candy-8oz-2PK,2pk|8oz,TRUE,8 oz,,,,,CherryHearts-Candy-8oz-2PK,
TT-ValentineGummies-CherryJellyHearts,HeartJelly-Cherry-8oz-1PK,1pk|8oz,FALSE,8 oz,,,,,,HeartJelly-Cherry-8oz-1PK
TT-ValentineGummies-CherryJellyHearts,TT-cherry-day-desserts-gifts,,FALSE,,,,,,,
TT-ValentineGummies-HugsKisses,Val-Candy-1Pk-Hugs and Kisses-8oz.,1pk|8oz,TRUE,8 oz,,,Val-Candy-1Pk-Hugs and Kisses-8oz.,,,
TT-ValentineGummies-LovestruckBears,Val-Candy-1Pk-Lovestruck Bears-8oz,1pk|8oz,TRUE,8 oz,,,Val-Candy-1Pk-Lovestruck Bears-8oz,,,
TT-ValentineGummies-LovestruckBears,Val-Candy-1Pk-Lovestruck Bears-8oz.,1pk|8oz,FALSE,8 oz,,,Val-Candy-1Pk-Lovestruck Bears-8oz.,,,
TT-ValentineGummies-LovestruckBears,Valentine-Bears-8oz-1PK,1pk|8oz,FALSE,8 oz,,,,,Valentine-Bears-8oz-1PK,
TT-ValentineGummies-LovestruckBears,Valentine-Bears-8oz-2PK,2pk|8oz,FALSE,8 oz,,,,,Valentine-Bears-8oz-2PK,
TT-ValentineGummies-LovestruckBears,Val-Candy-ValentineBears-8oz-2pk-rev1,2pk|8oz,FALSE,8 oz,,,,,,Val-Candy-ValentineBears-8oz-2pk-rev1
TT-ValentineGummies-MellowCreme,Val-Mellow-8oz-1PK,1pk|8oz,TRUE,8 oz,,,Val-Mellow-8oz-1PK,,Val-Mellow-8oz-1PK,
TT-ValentineGummies-MellowCreme,Val-Mellow-8oz-1PK-rev1,1pk|8oz,FALSE,8 oz,,,Val-Mellow-8oz-1PK-rev1,,,
TT-ValentineGummies-MellowCreme,Val-Mellow-8oz-1PK.,1pk|8oz,FALSE,8 oz,,,Val-Mellow-8oz-1PK.,,,
TT-ValentineGummies-MellowCreme,Val-Mellow-8oz-2PK,2pk|8oz,FALSE,8 oz,,,Val-Mellow-8oz-2PK,,Val-Mellow-8oz-2PK,Val-Mellow-8oz-2PK
TT-ValentineGummies-MellowCreme,Val-Mellow-8oz-2PK.,2pk|8oz,FALSE,8 oz,,,Val-Mellow-8oz-2PK.,,,
TT-ValentineGummies-MellowCreme,Val-Mellow-8oz-4PK,4pk|8oz,FALSE,8 oz,,,Val-Mellow-8oz-4PK,,Val-Mellow-8oz-4PK,
TT-ValentineGummies-MellowCreme,Val-Mellow-Creme-8oz-1-Pack,8oz,FALSE,8 oz,,,,,,Val-Mellow-Creme-8oz-1-Pack
TT-ValentineGummies-SandedHearts,Val-Candy-1 Pk -Sanded Hearts -8oz.,1pk|8oz,TRUE,8 oz,,,Val-Candy-1 Pk -Sanded Hearts -8oz.,,,
TT-ValentineGummies-SourHearts,Val-Candy-1 Pk -Sour Hearts -8oz.,1pk|8oz,TRUE,8 oz,,,Val-Candy-1 Pk -Sour Hearts -8oz.,,Val-Candy-1 Pk -Sour Hearts -8oz.,
TT-ValentineGummies-SourHearts,Val-Candy-2-Pk -Sour Hearts -8oz,8oz,FALSE,8 oz,,,Val-Candy-2-Pk -Sour Hearts -8oz,,,
TT-ValentineGummies-SourHearts,HugsKisses-8oz-2PK,2pk|8oz,FALSE,8 oz,,,,,HugsKisses-8oz-2PK,
TT-ValentineGummies-SourHearts,SandedHearts-8oz-1PK,1pk|8oz,FALSE,8 oz,,,,,SandedHearts-8oz-1PK,
TT-ValentineGummies-SourHearts,SandedHearts-8oz-2PK,2pk|8oz,FALSE,8 oz,,,,,SandedHearts-8oz-2PK,
TT-ValentineGummies-SourHearts,SourHearts-8oz-1PK,1pk|8oz,FALSE,8 oz,,,,,SourHearts-8oz-1PK,
TT-ValentineGummies-SourHearts,Sour-Gummi-Hearts-8oz-1pk,1pk|8oz,FALSE,8 oz,,,,,,Sour-Gummi-Hearts-8oz-1pk
TT-ValentineGummies-SourHearts,Sour-Gummi-Hearts-8oz-2PK,2pk|8oz,FALSE,8 oz,,,,,,Sour-Gummi-Hearts-8oz-2PK
TT-ValentineGummies-SourHearts,Val-Candy-HugsAndKisses-8oz-1pk,1pk|8oz,FALSE,8 oz,,,,,,Val-Candy-HugsAndKisses-8oz-1pk
TT-ValentineGummies-SourHearts,Val-Candy-SandedHearts-8oz-1pk,1pk|8oz,FALSE,8 oz,,,,,,Val-Candy-SandedHearts-8oz-1pk
TT-ValentineGummies-SourHearts,Val-Candy-SourHearts-8oz-1pk,1pk|8oz,FALSE,8 oz,,,,,,Val-Candy-SourHearts-8oz-1pk
TT-ValentineGummies-SourHearts,Val-Candy-ValentineBears-8oz-1pk,1pk|8oz,FALSE,8 oz,,,,,,Val-Candy-ValentineBears-8oz-1pk
TT-VeganSourChews-Assorted,SourVeganChews-8oz-1PK,1pk|8oz,TRUE,8 oz,,,,,SourVeganChews-8oz-1PK,
TT-VeganSourChews-Assorted,SourVegan-Chews-4oz-1PK,1pk|4oz,FALSE,4 oz,,,,,,SourVegan-Chews-4oz-1PK
TT-VeganSourChews-Assorted,SourVeganChews,,FALSE,,,,,,,
TT-VeganSourChews-Cherry,VeganSourChews-Cherry,,TRUE,,,,,,,
TT-Walnuts-RoastedSalted,Sal-Walnut-Halves-8oz-1pk,1pk|8oz,TRUE,8 oz,,,,,Sal-Walnut-Halves-8oz-1pk,
TT-Walnuts-RoastedSalted,TT-bite-crunchy-energy-fat,,FALSE,,,,,,,
TT-WasabiPeas-Original,Wasabi-Peas-8oz-1pk,1pk|8oz,TRUE,8 oz,,,,,Wasabi-Peas-8oz-1pk,
TT-WasabiPeas-Original,TT-bite-bold-coated-crispy,,FALSE,,,,,,,
TT-WaxBottles-Assorted,CandyWax-Bottles-1lb,1lb,TRUE,1 lb,,,CandyWax-Bottles-1lb,,,
TT-WaxBottles-Assorted,CandyWax-Bottles-1lb.,1lb,FALSE,1 lb,,,CandyWax-Bottles-1lb.,,,
TT-WaxBottles-Assorted,CandyWax-Bottles-8oz,8oz,FALSE,8 oz,,,CandyWax-Bottles-8oz,,,
TT-WaxBottles-Assorted,CandyWax-Bottles-8oz-2PK,2pk|8oz,FALSE,8 oz,,,,,CandyWax-Bottles-8oz-2PK,CandyWax-Bottles-8oz-2PK
TT-WaxBottles-Assorted,WaxBottle-8oz-2PK,2pk|8oz,FALSE,8 oz,,,,,WaxBottle-8oz-2PK,
TT-WaxBottles-Assorted,CandyWax-Bottles-8oz-1PK,1pk|8oz,FALSE,8 oz,,,,,CandyWax-Bottles-8oz-1PK,CandyWax-Bottles-8oz-1PK
TT-WaxBottles-Assorted,WaxBottle-8oz-1PK,1pk|8oz,FALSE,8 oz,,,,,WaxBottle-8oz-1PK,
TT-WaxBottles-Assorted,WaxBottle-8oz-4PK,4pk|8oz,FALSE,8 oz,,,,,WaxBottle-8oz-4PK,
TT-WaxBottles-Assorted,CandyWax-Bottles-8oz-4PK,4pk|8oz,FALSE,8 oz,,,,,,CandyWax-Bottles-8oz-4PK
TT-WaxBottles-Assorted,WaxBottles-8oz-1PK,1pk|8oz,FALSE,8 oz,,,,,,WaxBottles-8oz-1PK
TT-WaxBottles-Assorted,WaxBottles-8oz-2PK,2pk|8oz,FALSE,8 oz,,,,,,WaxBottles-8oz-2PK
TT-WaxBottles-Assorted,TT-bottles-filled-liquid-retro,,FALSE,,,,,,,
TT-WaxBottles-Assorted,WaxBottleCandy-Assorted,,FALSE,,,,,,,
TT-YogurtPretzels-Original,TT-bite-coated-cream-crunch,,TRUE,,,,,,,
